year,name,affiliation,country,role,Accomodation Chair,Exhibition Chair,Finance Chair,Local Arrangement Chair,Local Organization Chair,Local Organization Committee,Organization Chair,PacificVAST Workshop Chair,Paper Chair,Poster Chair,Program Chair,Program Committee,Publication Chair,Publicity Chair,Registration Chair,Sponsorship Chair,Steering Committee,Student Volunteer Chair,Symposium Chair,Visual Storytelling Contest Chair,Visualization Notes Chair,Visualization Notes Committee,Webmaster & Design Chair
2009,Aidong Lu,"University of North Carolina, Charlotte",US,Program Committee,,,,,,,,,,,,1,,,,,,,,,,,
2010,Aidong Lu,"University of North Carolina, Charlotte",US,Program Committee,,,,,,,,,,,,1,,,,,,,,,,,
2011,Aidong Lu,"University of North Carolina, Charlotte",US,Program Committee,,,,,,,,,,,,1,,,,,,,,,,,
2014,Aidong Lu,"University of North Carolina, Charlotte",US,Visualization Notes Committee,,,,,,,,,,,,,,,,,,,,,,1,
2015,Aidong Lu,"University of North Carolina, Charlotte",US,Visualization Notes Committee,,,,,,,,,,,,,,,,,,,,,,1,
2016,Aidong Lu,"University of North Carolina, Charlotte",US,Program Committee,,,,,,,,,,,,1,,,,,,,,,,,
2017,Aidong Lu,"University of North Carolina, Charlotte",US,Program Committee,,,,,,,,,,,,1,,,,,,,,,,,
2008,Akio Doi,Iwate Prefectural University,JP,Program Committee,,,,,,,,,,,,1,,,,,,,,,,,
2009,Akio Doi,Iwate Prefectural University,JP,Program Committee,,,,,,,,,,,,1,,,,,,,,,,,
2016,Alex Lex,University of Utah,US,Program Committee,,,,,,,,,,,,1,,,,,,,,,,,
2008,Alex Pang,"University of California, Santa Cruz",US,Program Committee,,,,,,,,,,,,1,,,,,,,,,,,
2009,Alex Pang,"University of California, Santa Cruz",US,Program Committee,,,,,,,,,,,,1,,,,,,,,,,,
2010,Alex Pang,"University of California, Santa Cruz",US,Program Committee,,,,,,,,,,,,1,,,,,,,,,,,
2016,Alex Pang,"University of California, Santa Cruz",US,Program Committee,,,,,,,,,,,,1,,,,,,,,,,,
2017,Alex Pang,"University of California, Santa Cruz",US,Program Committee,,,,,,,,,,,,1,,,,,,,,,,,
2009,Alex Telea,University of Groningen,NL,Program Committee,,,,,,,,,,,,1,,,,,,,,,,,
2010,Alex Telea,University of Groningen,NL,Program Committee,,,,,,,,,,,,1,,,,,,,,,,,
2011,Alex Telea,University of Groningen,NL,Program Committee,,,,,,,,,,,,1,,,,,,,,,,,
2011,Alexander Wolff,University of W?rzburg,DE,Program Committee,,,,,,,,,,,,1,,,,,,,,,,,
2012,Alexander Wolff,University of W?rzburg,DE,Program Committee,,,,,,,,,,,,1,,,,,,,,,,,
2013,Alexander Wolff,University of W?rzburg,DE,Program Committee,,,,,,,,,,,,1,,,,,,,,,,,
2011,Anastasia Bezerianos,Ecole Centrale Paris,FR,Program Committee,,,,,,,,,,,,1,,,,,,,,,,,
2012,Anastasia Bezerianos,Ecole Centrale Paris,FR,Program Committee,,,,,,,,,,,,1,,,,,,,,,,,
2013,Anastasia Bezerianos,Ecole Centrale Paris,FR,Program Committee,,,,,,,,,,,,1,,,,,,,,,,,
2009,Anders Ynnerman,Link?ping University,SE,Program Committee,,,,,,,,,,,,1,,,,,,,,,,,
2010,Anders Ynnerman,Link?ping University,SE,Program Committee,,,,,,,,,,,,1,,,,,,,,,,,
2011,Anders Ynnerman,Link?ping University,SE,Program Committee,,,,,,,,,,,,1,,,,,,,,,,,
2016,Anders Ynnerman,Link?ping University,SE,Program Committee,,,,,,,,,,,,1,,,,,,,,,,,
2017,Anders Ynnerman,Link?ping University,SE,Program Committee,,,,,,,,,,,,1,,,,,,,,,,,
2015,Andreas Kerren,Linnaeus University,SE,Program Committee,,,,,,,,,,,,1,,,,,,,,,,,
2016,Andreas Kerren,Linnaeus University,SE,Program Committee,,,,,,,,,,,,1,,,,,,,,,,,
2017,Andreas Kerren,Linnaeus University,SE,Program Committee,,,,,,,,,,,,1,,,,,,,,,,,
2008,Arie Kaufman,Stony Brook University,US,Steering Committee,,,,,,,,,,,,,,,,,1,,,,,,
2009,Arie Kaufman,Stony Brook University,US,Steering Committee,,,,,,,,,,,,,,,,,1,,,,,,
2010,Arie Kaufman,Stony Brook University,US,Steering Committee,,,,,,,,,,,,,,,,,1,,,,,,
2011,Arie Kaufman,Stony Brook University,US,Steering Committee,,,,,,,,,,,,,,,,,1,,,,,,
2012,Arie Kaufman,Stony Brook University,US,Steering Committee,,,,,,,,,,,,,,,,,1,,,,,,
2012,Arie Kaufman,Stony Brook University,US,Symposium Chair,,,,,,,,,,,,,,,,,,,1,,,,
2013,Arie Kaufman,Stony Brook University,US,Steering Committee,,,,,,,,,,,,,,,,,1,,,,,,
2014,Arie Kaufman,Stony Brook University,US,Steering Committee,,,,,,,,,,,,,,,,,1,,,,,,
2008,Atsuto Maki,Kyoto University,JP,Exhibition Chair,,1,,,,,,,,,,,,,,,,,,,,,
2011,Baoquan Chen,Chinese Academy of Sciences,CN,Program Committee,,,,,,,,,,,,1,,,,,,,,,,,
2011,Baoquan Chen,Shenzhen Institutes of Advanced Technology,CN,Sponsorship Chair,,,,,,,,,,,,,,,,1,,,,,,,
2015,Baoquan Chen,Shangdong University,CN,Program Committee,,,,,,,,,,,,1,,,,,,,,,,,
2016,Baoquan Chen,Shangdong University,CN,Program Committee,,,,,,,,,,,,1,,,,,,,,,,,
2017,Benjamin  Renoust,National Institute of Informatics,JP,Program Committee,,,,,,,,,,,,1,,,,,,,,,,,
2009,Beppe Liotta,University of Perugia,AU,Program Committee,,,,,,,,,,,,1,,,,,,,,,,,
2010,Beppe Liotta,University of Perugia,IT,Program Committee,,,,,,,,,,,,1,,,,,,,,,,,
2009,Bernhard Preim,University of Magdeburg,DE,Program Committee,,,,,,,,,,,,1,,,,,,,,,,,
2010,Bernhard Preim,University of Magdeburg,DE,Program Committee,,,,,,,,,,,,1,,,,,,,,,,,
2011,Bernhard Preim,University of Magdeburg,DE,Program Committee,,,,,,,,,,,,1,,,,,,,,,,,
2015,Bernhard Preim,University of Magdeburg,DE,Program Committee,,,,,,,,,,,,1,,,,,,,,,,,
2016,Bernhard Preim,University of Magdeburg,DE,Program Committee,,,,,,,,,,,,1,,,,,,,,,,,
2017,Bernhard Preim,University of Magdeburg,DE,Program Committee,,,,,,,,,,,,1,,,,,,,,,,,
2014,Bettina Speckmann,Technische Universiteit Eindhoven,NL,Program Committee,,,,,,,,,,,,1,,,,,,,,,,,
2015,Bettina Speckmann,Technische Universiteit Eindhoven,NL,Program Committee,,,,,,,,,,,,1,,,,,,,,,,,
2016,Bettina Speckmann,Technische Universiteit Eindhoven,NL,Program Committee,,,,,,,,,,,,1,,,,,,,,,,,
2009,Bingfeng Zhou,Peking University,CN,Publication Chair,,,,,,,,,,,,,1,,,,,,,,,,
2014,Bingfeng Zhou,Peking University,CN,Poster Chair,,,,,,,,,,1,,,,,,,,,,,,,
2014,Bingfeng Zhou,Peking University,CN,Visualization Notes Committee,,,,,,,,,,,,,,,,,,,,,,1,
2010,Bing-Yu Chen,National Taiwan University,TW,Organization Chair,,,,,,,1,,,,,,,,,,,,,,,,
2012,Bing-Yu Chen,National Taiwan University,TW,Program Committee,,,,,,,,,,,,1,,,,,,,,,,,
2010,Bin-Yu Chen,National Taiwan University,TW,Program Committee,,,,,,,,,,,,1,,,,,,,,,,,
2011,Bin-Yu Chen,National Taiwan University,TW,Program Committee,,,,,,,,,,,,1,,,,,,,,,,,
2012,Bohyoung Kim,Seoul National University,KR,Local Organization Committee,,,,,,1,,,,,,,,,,,,,,,,,
2011,Bongshin Lee,Microsoft Research,US,Program Committee,,,,,,,,,,,,1,,,,,,,,,,,
2012,Bongshin Lee,Microsoft Research,US,Poster Chair,,,,,,,,,,1,,,,,,,,,,,,,
2012,Bongshin Lee,Microsoft Research,US,Program Committee,,,,,,,,,,,,1,,,,,,,,,,,
2013,Bongshin Lee,Microsoft Research,US,Program Committee,,,,,,,,,,,,1,,,,,,,,,,,
2017,Bongshin Lee,Microsoft Research,US,Program Committee,,,,,,,,,,,,1,,,,,,,,,,,
2017,Bongshin Lee,Microsoft Research,US,Symposium Chair,,,,,,,,,,,,,,,,,,,1,,,,
2016,Bor-Shen Lin,National Taiwan University of Science and Technology,TW,Organization Chair,,,,,,,1,,,,,,,,,,,,,,,,
2016,Bum Chul Kwon,University of Konstanz,DE,Visualization Notes Committee,,,,,,,,,,,,,,,,,,,,,,1,
2017,Bum Chul Kwon,IBM T.J. Watson Research Center,US,Visualization Notes Committee,,,,,,,,,,,,,,,,,,,,,,1,
2016,Cao Nan,IBM T.J. Watson Research Center,US,Program Committee,,,,,,,,,,,,1,,,,,,,,,,,
2017,Cao Nan,IBM Research,US,Program Committee,,,,,,,,,,,,1,,,,,,,,,,,
2010,Carlos Correa,"University of California, Davis",US,Program Committee,,,,,,,,,,,,1,,,,,,,,,,,
2011,Carlos Correa,Lawrence Livermore National Laboratory,US,Program Committee,,,,,,,,,,,,1,,,,,,,,,,,
2012,Carlos Correa,Lawrence Livermore National Laboratory,US,Program Committee,,,,,,,,,,,,1,,,,,,,,,,,
2013,Carlos Correa,Lawrence Livermore National Laboratory,US,Program Committee,,,,,,,,,,,,1,,,,,,,,,,,
2008,Chaoli Wang,"University of California, Davis",US,Program Committee,,,,,,,,,,,,1,,,,,,,,,,,
2009,Chaoli Wang,"University of California, Davis",US,Program Committee,,,,,,,,,,,,1,,,,,,,,,,,
2010,Chaoli Wang,Michigan Technological University,US,Program Committee,,,,,,,,,,,,1,,,,,,,,,,,
2013,Chaoli Wang,Michigan Technological University,US,Program Committee,,,,,,,,,,,,1,,,,,,,,,,,
2014,Chaoli Wang,Michigan Technological University,US,Program Committee,,,,,,,,,,,,1,,,,,,,,,,,
2014,Chaoli Wang,Michigan Technological University,US,Visualization Notes Committee,,,,,,,,,,,,,,,,,,,,,,1,
2015,Chaoli Wang,University of Notre Dame,US,Program Committee,,,,,,,,,,,,1,,,,,,,,,,,
2015,Chaoli Wang,University of Notre Dame,US,Visualization Notes Committee,,,,,,,,,,,,,,,,,,,,,,1,
2016,Chaoli Wang,University of Notre Dame,US,Visualization Notes Committee,,,,,,,,,,,,,,,,,,,,,,1,
2017,Chaoli Wang,University of Notre Dame,US,Visualization Notes Committee,,,,,,,,,,,,,,,,,,,,,,1,
2008,Chaomei Chen,Drexel University,US,Program Committee,,,,,,,,,,,,1,,,,,,,,,,,
2009,Chaomei Chen,Drexel University,US,Program Committee,,,,,,,,,,,,1,,,,,,,,,,,
2012,Charl Botha,Delft University of Technology,NL,Program Committee,,,,,,,,,,,,1,,,,,,,,,,,
2010,Charles Hansen,University of Utah,US,Program Committee,,,,,,,,,,,,1,,,,,,,,,,,
2011,Charles Hansen,University of Utah,US,Program Committee,,,,,,,,,,,,1,,,,,,,,,,,
2012,Charles Hansen,University of Utah,US,Program Committee,,,,,,,,,,,,1,,,,,,,,,,,
2016,Chih-Yuan Yao,National Taiwan University of Science and Technology,TW,Organization Chair,,,,,,,1,,,,,,,,,,,,,,,,
2011,Chi-Wing Fu,Nan Yang Technological University,SG,Program Committee,,,,,,,,,,,,1,,,,,,,,,,,
2012,Chi-Wing Fu,Nan Yang Technological University,SG,Program Committee,,,,,,,,,,,,1,,,,,,,,,,,
2016,Chi-Wing Philip Fu,Chinese University of Hong Kong,HK,Poster Chair,,,,,,,,,,1,,,,,,,,,,,,,
2015,Chris Muelder,"University of California, Davis",US,Visualization Notes Committee,,,,,,,,,,,,,,,,,,,,,,1,
2016,Chris Muelder,"University of California, Davis",US,Visualization Notes Committee,,,,,,,,,,,,,,,,,,,,,,1,
2017,Chris Muelder,"University of California, Davis",US,Visualization Notes Committee,,,,,,,,,,,,,,,,,,,,,,1,
2008,Chris North,Virginia Tech,US,Program Committee,,,,,,,,,,,,1,,,,,,,,,,,
2016,Chris North,Virginia Tech,US,Program Committee,,,,,,,,,,,,1,,,,,,,,,,,
2008,Chris Weaver,Penn State University,US,Program Committee,,,,,,,,,,,,1,,,,,,,,,,,
2009,Chris Weaver,Penn State University,US,Program Committee,,,,,,,,,,,,1,,,,,,,,,,,
2010,Chris Weaver,University of Oklahoma,US,Program Committee,,,,,,,,,,,,1,,,,,,,,,,,
2014,Christian Duncan,Quinnipiac University,US,Program Committee,,,,,,,,,,,,1,,,,,,,,,,,
2014,Christian Duncan,Quinnipiac University,US,Visualization Notes Committee,,,,,,,,,,,,,,,,,,,,,,1,
2015,Christian Duncan,Quinnipiac University,US,Program Committee,,,,,,,,,,,,1,,,,,,,,,,,
2015,Christian Duncan,Quinnipiac University,US,Visualization Notes Committee,,,,,,,,,,,,,,,,,,,,,,1,
2016,Christian Duncan,Quinnipiac University,US,Program Committee,,,,,,,,,,,,1,,,,,,,,,,,
2011,Christof Rezk-Salama,Mediadesign University of Applied Sciences,DE,Program Committee,,,,,,,,,,,,1,,,,,,,,,,,
2012,Christof Rezk-Salama,Mediadesign University of Applied Sciences,DE,Program Committee,,,,,,,,,,,,1,,,,,,,,,,,
2012,Christoph Garth,"University of California, Davis",US,Program Committee,,,,,,,,,,,,1,,,,,,,,,,,
2016,Christoph Garth,University of Kaiserslautern,DE,Program Committee,,,,,,,,,,,,1,,,,,,,,,,,
2017,Christoph Garth,University of Kaiserslautern,DE,Program Committee,,,,,,,,,,,,1,,,,,,,,,,,
2010,Chuan-Kai Yang,National Taiwan University of Science and Technology,TW,Organization Chair,,,,,,,1,,,,,,,,,,,,,,,,
2016,Chuan-Kai Yang,National Taiwan University of Science and Technology,TW,Symposium Chair,,,,,,,,,,,,,,,,,,,1,,,,
2009,Chuck Hansen,University of Utah,US,Program Committee,,,,,,,,,,,,1,,,,,,,,,,,
2016,Chuck Hansen,University of Utah,US,Paper Chair,,,,,,,,,1,,,,,,,,,,,,,,
2014,Chun-Cheng Lin,National Chiao Tung University,TW,Visualization Notes Committee,,,,,,,,,,,,,,,,,,,,,,1,
2015,Chun-Cheng Lin,National Chiao Tung University,TW,Visualization Notes Committee,,,,,,,,,,,,,,,,,,,,,,1,
2016,Chun-Cheng Lin,National Chiao Tung University,TW,Visualization Notes Committee,,,,,,,,,,,,,,,,,,,,,,1,
2017,Chun-Cheng Lin,National Chiao Tung University,TW,Visualization Notes Committee,,,,,,,,,,,,,,,,,,,,,,1,
2010,Chun-Houh Chen,Academic Sinica,TW,Program Committee,,,,,,,,,,,,1,,,,,,,,,,,
2011,Chun-Houh Chen,Academic Sinica,TW,Program Committee,,,,,,,,,,,,1,,,,,,,,,,,
2015,Conglei Shi,Hong Kong University of Science & Technology,CN,Visualization Notes Committee,,,,,,,,,,,,,,,,,,,,,,1,
2016,Conglei Shi,IBM T.J. Watson Research Center,US,Visualization Notes Committee,,,,,,,,,,,,,,,,,,,,,,1,
2017,Conglei Shi,IBM T.J. Watson Research Center,US,Program Committee,,,,,,,,,,,,1,,,,,,,,,,,
2017,Conglei Shi,IBM T.J. Watson Research Center,US,Visualization Notes Committee,,,,,,,,,,,,,,,,,,,,,,1,
2012,Daniel Archambault,University College Dublin,IE,Program Committee,,,,,,,,,,,,1,,,,,,,,,,,
2013,Daniel Archambault,University College Dublin,IE,Program Committee,,,,,,,,,,,,1,,,,,,,,,,,
2014,Daniel Archambault,Swansea University,GB,Program Committee,,,,,,,,,,,,1,,,,,,,,,,,
2014,Daniel Archambault,Swansea University,GB,Visualization Notes Committee,,,,,,,,,,,,,,,,,,,,,,1,
2015,Daniel Archambault,Swansea University,GB,Visualization Notes Committee,,,,,,,,,,,,,,,,,,,,,,1,
2016,Daniel Archambault,Swansea University,GB,Visualization Notes Committee,,,,,,,,,,,,,,,,,,,,,,1,
2017,Daniel Archambault,Swansea University,GB,Program Committee,,,,,,,,,,,,1,,,,,,,,,,,
2017,Daniel Weiskopf,University of Stuttgart,DE,Paper Chair,,,,,,,,,1,,,,,,,,,,,,,,
2013,Danny Holten,Technische Universiteit Eindhoven,NL,Program Committee,,,,,,,,,,,,1,,,,,,,,,,,
2014,Danny Holten,SynerScope B.V.,NL,Program Committee,,,,,,,,,,,,1,,,,,,,,,,,
2015,Danny Holten,SynerScope B.V.,NL,Program Committee,,,,,,,,,,,,1,,,,,,,,,,,
2010,David Auber,University of Bordeaux,FR,Program Committee,,,,,,,,,,,,1,,,,,,,,,,,
2008,David Kao,NASA Ames Research Center,US,Program Committee,,,,,,,,,,,,1,,,,,,,,,,,
2009,David Kao,NASA Ames Research Center,US,Program Committee,,,,,,,,,,,,1,,,,,,,,,,,
2010,David Kao,NASA Ames Research Center,US,Program Committee,,,,,,,,,,,,1,,,,,,,,,,,
2011,Dorothea Wagner,Karlsruhe Institute of Technology,DE,Program Committee,,,,,,,,,,,,1,,,,,,,,,,,
2009,Eduard Groller,Vienna University of Technology,AT,Program Committee,,,,,,,,,,,,1,,,,,,,,,,,
2010,Emden Gansner,AT&T Research,US,Program Committee,,,,,,,,,,,,1,,,,,,,,,,,
2012,Emilio Di Giacomo,University of Perugia,IT,Program Committee,,,,,,,,,,,,1,,,,,,,,,,,
2008,Enhua Wu,University of Macau,MO,Program Committee,,,,,,,,,,,,1,,,,,,,,,,,
2009,Enhua Wu,University of Macao,MO,Program Committee,,,,,,,,,,,,1,,,,,,,,,,,
2010,Eugene Zhang,Oregon State University,US,Program Committee,,,,,,,,,,,,1,,,,,,,,,,,
2011,Eugene Zhang,Oregon State University,US,Program Committee,,,,,,,,,,,,1,,,,,,,,,,,
2012,Eugene Zhang,Oregon State University,US,Program Committee,,,,,,,,,,,,1,,,,,,,,,,,
2015,Eugene Zhang,Oregon State University,US,Program Committee,,,,,,,,,,,,1,,,,,,,,,,,
2016,Eugene Zhang,Oregon State University,US,Program Committee,,,,,,,,,,,,1,,,,,,,,,,,
2017,Eugene Zhang,Oregon State University,US,Program Committee,,,,,,,,,,,,1,,,,,,,,,,,
2017,Fabian  Beck ,University of Stuttgart,DE,Program Committee,,,,,,,,,,,,1,,,,,,,,,,,
2015,Fabian Beck,University of Stuttgart,DE,Visualization Notes Committee,,,,,,,,,,,,,,,,,,,,,,1,
2016,Fabian Beck,University of Stuttgart,DE,Visualization Notes Committee,,,,,,,,,,,,,,,,,,,,,,1,
2014,Falk Schreiber,Martin Luther University Halle-Wittenberg,DE,Program Committee,,,,,,,,,,,,1,,,,,,,,,,,
2014,Falk Schreiber,Martin Luther University Halle-Wittenberg,DE,Visualization Notes Committee,,,,,,,,,,,,,,,,,,,,,,1,
2015,Falk Schreiber,Martin Luther University Halle-Wittenberg,DE,Program Committee,,,,,,,,,,,,1,,,,,,,,,,,
2015,Falk Schreiber,Martin Luther University Halle-Wittenberg,DE,Visualization Notes Committee,,,,,,,,,,,,,,,,,,,,,,1,
2017,Falk Schreiber,Monash University,AU,Visualization Notes Committee,,,,,,,,,,,,,,,,,,,,,,1,
2014,Fan Zhang,Ohio State University,US,Visualization Notes Committee,,,,,,,,,,,,,,,,,,,,,,1,
2015,Filip Sadlo,Heidelberg University,DE,Visualization Notes Committee,,,,,,,,,,,,,,,,,,,,,,1,
2016,Filip Sadlo,University of Stuttgart,DE,Visualization Notes Committee,,,,,,,,,,,,,,,,,,,,,,1,
2017,Filip Sadlo,University of Stuttgart,DE,Visualization Notes Committee,,,,,,,,,,,,,,,,,,,,,,1,
2010,Frank van Ham,IBM T.J. Watson Research Center,US,Program Committee,,,,,,,,,,,,1,,,,,,,,,,,
2011,Frank van Ham,ILOG,US,Program Committee,,,,,,,,,,,,1,,,,,,,,,,,
2012,Frank van Ham,ILOG,US,Program Committee,,,,,,,,,,,,1,,,,,,,,,,,
2014,Gary Tam,Swansea University,GB,Visualization Notes Committee,,,,,,,,,,,,,,,,,,,,,,1,
2011,Gennady Andrienko,Fraunhofer Institute for Intelligent Analysis and Informations Systems,DE,Program Committee,,,,,,,,,,,,1,,,,,,,,,,,
2012,Gennady Andrienko,Fraunhofer Institute for Intelligent Analysis and Informations Systems,DE,Program Committee,,,,,,,,,,,,1,,,,,,,,,,,
2015,Gennady Andrienko,Fraunhofer Institute for Intelligent Analysis and Informations Systems,DE,Program Committee,,,,,,,,,,,,1,,,,,,,,,,,
2016,Gennady Andrienko,Fraunhofer Institute for Intelligent Analysis and Informations Systems,DE,Program Committee,,,,,,,,,,,,1,,,,,,,,,,,
2013,Gennedy Andrienko,Fraunhofer Institute for Intelligent Analysis and Informations Systems,DE,Program Committee,,,,,,,,,,,,1,,,,,,,,,,,
2008,Gerik Scheuermann,University of Leipzig,DE,Program Committee,,,,,,,,,,,,1,,,,,,,,,,,
2009,Gerik Scheuermann,University of Leipzig,DE,Program Committee,,,,,,,,,,,,1,,,,,,,,,,,
2010,Gerik Scheuermann,University of Leipzig,DE,Program Committee,,,,,,,,,,,,1,,,,,,,,,,,
2015,Gerik Scheuermann,University of Leipzig,DE,Paper Chair,,,,,,,,,1,,,,,,,,,,,,,,
2016,Gerik Scheuermann,University of Leipzig,DE,Program Committee,,,,,,,,,,,,1,,,,,,,,,,,
2017,Gerik Scheuermann,University of Leipzig,DE,Program Committee,,,,,,,,,,,,1,,,,,,,,,,,
2011,Giuseppe Di Battista,Roma Tre University,IT,Program Chair,,,,,,,,,,,1,,,,,,,,,,,,
2014,Giuseppe Di Battista,Roma Tre University,IT,Program Committee,,,,,,,,,,,,1,,,,,,,,,,,
2014,Giuseppe Liotta,University of Perugia,IT,Program Committee,,,,,,,,,,,,1,,,,,,,,,,,
2015,Giuseppe Liotta,University of Perugia,IT,Program Committee,,,,,,,,,,,,1,,,,,,,,,,,
2016,Giuseppe Liotta,University of Perugia,IT,Program Committee,,,,,,,,,,,,1,,,,,,,,,,,
2017,GuHyun Han,Seoul National University,KR,Publicity Chair,,,,,,,,,,,,,,1,,,,,,,,,
2014,Guihua Shan,Computer Network Information Center CAS,CN,Visualization Notes Committee,,,,,,,,,,,,,,,,,,,,,,1,
2015,Guihua Shan,Computer Network Information Center CAS,CN,Visualization Notes Committee,,,,,,,,,,,,,,,,,,,,,,1,
2016,Guihua Shan,University of Chinese Academy of Sciences,CN,Visualization Notes Committee,,,,,,,,,,,,,,,,,,,,,,1,
2017,Guodao Sun,Zhejiang University of Technology,CN,Program Committee,,,,,,,,,,,,1,,,,,,,,,,,
2015,Guoning Chen,University of Houston,US,Visualization Notes Committee,,,,,,,,,,,,,,,,,,,,,,1,
2016,Guoning Chen,University of Houston,US,Visualization Notes Committee,,,,,,,,,,,,,,,,,,,,,,1,
2017,Guoning Chen,University of Houston,US,Visualization Notes Committee,,,,,,,,,,,,,,,,,,,,,,1,
2009,Guoping Wang,Peking University,CN,Publicity Chair,,,,,,,,,,,,,,1,,,,,,,,,
2015,Hai Lin,Zhejiang University,CN,Sponsorship Chair,,,,,,,,,,,,,,,,1,,,,,,,
2011,Hamish Carr,University of Leeds,GB,Program Committee,,,,,,,,,,,,1,,,,,,,,,,,
2012,Hamish Carr,University of Leeds,GB,Program Committee,,,,,,,,,,,,1,,,,,,,,,,,
2013,Hamish Carr,University of Leeds,GB,Program Committee,,,,,,,,,,,,1,,,,,,,,,,,
2015,Hamish Carr,University of Leeds,GB,Program Committee,,,,,,,,,,,,1,,,,,,,,,,,
2016,Hamish Carr,University of Leeds,GB,Program Committee,,,,,,,,,,,,1,,,,,,,,,,,
2017,Hamish Carr,University of Leeds,GB,Program Committee,,,,,,,,,,,,1,,,,,,,,,,,
2015,Hank Childs,University of Oregon,US,Program Committee,,,,,,,,,,,,1,,,,,,,,,,,
2016,Hank Childs,University of Oregon,US,Program Committee,,,,,,,,,,,,1,,,,,,,,,,,
2017,Hank Childs,University of Oregon,US,Program Committee,,,,,,,,,,,,1,,,,,,,,,,,
2015,Hanqi Guo,Argonne National Laboratory,US,Visualization Notes Committee,,,,,,,,,,,,,,,,,,,,,,1,
2016,Hanqi Guo,Argonne National Laboratory,US,Program Committee,,,,,,,,,,,,1,,,,,,,,,,,
2016,Hanqi Guo,Peking University,CN,Visualization Notes Committee,,,,,,,,,,,,,,,,,,,,,,1,
2017,Hanqi Guo,Argonne National Laboratory,US,Program Committee,,,,,,,,,,,,1,,,,,,,,,,,
2017,Hanqi Guo,Argonne National Laboratory,US,Visualization Notes Committee,,,,,,,,,,,,,,,,,,,,,,1,
2009,Hans Hagan,University of Kaiserslautern,DE,Program Committee,,,,,,,,,,,,1,,,,,,,,,,,
2013,Hans Hagen,University of Kaiserslautern,DE,Symposium Chair,,,,,,,,,,,,,,,,,,,1,,,,
2014,Hans Hagen,University of Kaiserslautern,DE,Program Chair,,,,,,,,,,,1,,,,,,,,,,,,
2008,Hans-Christian Hege,ZIB,DE,Program Committee,,,,,,,,,,,,1,,,,,,,,,,,
2008,Han-Wei Shen,Ohio State University,US,Program Committee,,,,,,,,,,,,1,,,,,,,,,,,
2009,Han-Wei Shen,The Ohio State University,US,Program Chair,,,,,,,,,,,1,,,,,,,,,,,,
2010,Han-Wei Shen,The Ohio State University,US,Program Chair,,,,,,,,,,,1,,,,,,,,,,,,
2011,Han-Wei Shen,Ohio State University,US,Program Committee,,,,,,,,,,,,1,,,,,,,,,,,
2012,Han-Wei Shen,Ohio State University,US,Program Committee,,,,,,,,,,,,1,,,,,,,,,,,
2013,Han-Wei Shen,Ohio State University,US,Program Committee,,,,,,,,,,,,1,,,,,,,,,,,
2015,Han-Wei Shen,Ohio State University ,US,Program Committee,,,,,,,,,,,,1,,,,,,,,,,,
2016,Han-Wei Shen,Ohio State University,US,Program Committee,,,,,,,,,,,,1,,,,,,,,,,,
2017,Han-Wei Shen,Ohio State University,US,Program Committee,,,,,,,,,,,,1,,,,,,,,,,,
2011,Heidi Lam,Google,US,Program Committee,,,,,,,,,,,,1,,,,,,,,,,,
2008,Helwig Hauser,University of Bergen,NO,Program Committee,,,,,,,,,,,,1,,,,,,,,,,,
2009,Helwig Hauser,University of Bergen,NO,Program Committee,,,,,,,,,,,,1,,,,,,,,,,,
2010,Helwig Hauser,University of Bergen,NO,Program Committee,,,,,,,,,,,,1,,,,,,,,,,,
2012,Helwig Hauser,University of Bergen,NO,Program Chair,,,,,,,,,,,1,,,,,,,,,,,,
2017,Helwig Hauser,University of Bergen,NO,Program Committee,,,,,,,,,,,,1,,,,,,,,,,,
2008,Hideki Koike,University of ElectroCommunication,JP,Symposium Chair,,,,,,,,,,,,,,,,,,,1,,,,
2008,Hideo Miyachi,KGT Inc.,JP,Exhibition Chair,,1,,,,,,,,,,,,,,,,,,,,,
2008,Hirohisa Hioki,Kyoto University,JP,Publication Chair,,,,,,,,,,,,,1,,,,,,,,,,
2008,Hiroshi Hosobe,National Institute of Informatics,JP,Finance Chair,,,1,,,,,,,,,,,,,,,,,,,,
2013,Hiroshi Hosobe,National Institute of Informatics,JP,Program Committee,,,,,,,,,,,,1,,,,,,,,,,,
2014,Hiroshi Hosobe,Hosei University,JP,Program Committee,,,,,,,,,,,,1,,,,,,,,,,,
2012,Hong Qin,Stony Brook University,US,Program Committee,,,,,,,,,,,,1,,,,,,,,,,,
2015,Hong Zhou,Shenzhen University,CN,Visualization Notes Committee,,,,,,,,,,,,,,,,,,,,,,1,
2016,Hong Zhou,Shenzhen University,CN,Program Committee,,,,,,,,,,,,1,,,,,,,,,,,
2017,Hong Zhou,Shenzhen University,CN,Program Committee,,,,,,,,,,,,1,,,,,,,,,,,
2008,Hongbin Zha,Peking University,CN,Program Committee,,,,,,,,,,,,1,,,,,,,,,,,
2009,Hongbin Zha,Peking University,CN,Program Committee,,,,,,,,,,,,1,,,,,,,,,,,
2009,Hongbin Zha,Peking University,CN,Symposium Chair,,,,,,,,,,,,,,,,,,,1,,,,
2012,Hongfeng Yu,Sandia National Laboratories,US,Program Committee,,,,,,,,,,,,1,,,,,,,,,,,
2013,Hongfeng Yu,University of Nebraska-Lincoln,US,Program Committee,,,,,,,,,,,,1,,,,,,,,,,,
2014,Hongfeng Yu,University of Nebraska-Lincoln,US,Program Committee,,,,,,,,,,,,1,,,,,,,,,,,
2014,Hongfeng Yu,University of Nebraska-Lincoln,US,Visualization Notes Committee,,,,,,,,,,,,,,,,,,,,,,1,
2015,Hongfeng Yu,University of Nebraska-Lincoln,US,Visualization Notes Committee,,,,,,,,,,,,,,,,,,,,,,1,
2016,Hongfeng Yu,University of Nebraska-Lincoln,US,Visualization Notes Committee,,,,,,,,,,,,,,,,,,,,,,1,
2017,Hongfeng Yu,University of Nebraska?ï¿½?Lincoln,US,Visualization Notes Committee,,,,,,,,,,,,,,,,,,,,,,1,
2014,Hsiang-Yun Wu,The University of Tokyo,JP,Publicity Chair,,,,,,,,,,,,,,1,,,,,,,,,
2016,Hsiang-Yun Wu,Keio University,JP,Visualization Notes Committee,,,,,,,,,,,,,,,,,,,,,,1,
2017,Hsiang-Yun Wu,Keio University,JP,Poster Chair,,,,,,,,,,1,,,,,,,,,,,,,
2017,Hsiang-Yun Wu,Keio University,JP,Visualization Notes Committee,,,,,,,,,,,,,,,,,,,,,,1,
2008,Hsu-Chun Yen,National Taiwan University,TW,Program Committee,,,,,,,,,,,,1,,,,,,,,,,,
2009,Hsu-Chun Yen,National Taiwan University,TW,Program Committee,,,,,,,,,,,,1,,,,,,,,,,,
2010,Hsu-Chun Yen,National Taiwan University,TW,Program Committee,,,,,,,,,,,,1,,,,,,,,,,,
2013,Hsu-Chun Yen,National Taiwan University,TW,Program Committee,,,,,,,,,,,,1,,,,,,,,,,,
2014,Hsu-Chun Yen,National Taiwan University,TW,Program Committee,,,,,,,,,,,,1,,,,,,,,,,,
2014,Hsu-Chun Yen,National Taiwan University,TW,Visualization Notes Committee,,,,,,,,,,,,,,,,,,,,,,1,
2015,Hsu-Chun Yen,National Taiwan University,TW,Program Committee,,,,,,,,,,,,1,,,,,,,,,,,
2015,Hsu-Chun Yen,National Taiwan University,TW,Visualization Notes Committee,,,,,,,,,,,,,,,,,,,,,,1,
2016,Hsu-Chun Yen,National Taiwan University,TW,Symposium Chair,,,,,,,,,,,,,,,,,,,1,,,,
2016,Hsu-Chun Yen,National Taiwan University,TW,Visualization Notes Committee,,,,,,,,,,,,,,,,,,,,,,1,
2017,Hsu-Chun Yen,National Taiwan University,TW,Visualization Notes Committee,,,,,,,,,,,,,,,,,,,,,,1,
2008,Hua Li,Chinese Academy of Sciences,CN,Program Chair,,,,,,,,,,,1,,,,,,,,,,,,
2008,Huamin Qu,Hong Kong University of Science & Technology,HK,Program Committee,,,,,,,,,,,,1,,,,,,,,,,,
2009,Huamin Qu,Hong Kong University of Science & Technology,HK,Program Committee,,,,,,,,,,,,1,,,,,,,,,,,
2010,Huamin Qu,Hong Kong University of Science & Technology,HK,Program Committee,,,,,,,,,,,,1,,,,,,,,,,,
2011,Huamin Qu,Hong Kong University of Science & Technology,HK,Program Chair,,,,,,,,,,,1,,,,,,,,,,,,
2012,Huamin Qu,Hong Kong University of Science & Technology,HK,Program Chair,,,,,,,,,,,1,,,,,,,,,,,,
2013,Huamin Qu,Hong Kong University of Science & Technology,HK,Steering Committee,,,,,,,,,,,,,,,,,1,,,,,,
2014,Huamin Qu,Hong Kong University of Science & Technology,CN,Steering Committee,,,,,,,,,,,,,,,,,1,,,,,,
2015,Huamin Qu,Hong Kong University of Science & Technology,CN,Steering Committee,,,,,,,,,,,,,,,,,1,,,,,,
2009,Huijing Zhao,Peking University,CN,Local Arrangement Chair,,,,1,,,,,,,,,,,,,,,,,,,
2008,Hujun Bao,Zhejiang University,CN,Program Committee,,,,,,,,,,,,1,,,,,,,,,,,
2009,Hujun Bao,Zhejiang University,CN,Program Committee,,,,,,,,,,,,1,,,,,,,,,,,
2017,Hyunjoo Song,Duksung Women's University,KR,Finance Chair,,,1,,,,,,,,,,,,,,,,,,,,
2008,Issei Fujishiro,Tohoku University,JP,Program Chair,,,,,,,,,,,1,,,,,,,,,,,,
2008,Issei Fujishiro,Tohoku University,JP,Steering Committee,,,,,,,,,,,,,,,,,1,,,,,,
2009,Issei Fujishiro,Tohoku University,JP,Program Committee,,,,,,,,,,,,1,,,,,,,,,,,
2009,Issei Fujishiro,Tohoku University,JP,Steering Committee,,,,,,,,,,,,,,,,,1,,,,,,
2010,Issei Fujishiro,Keio University,JP,Program Committee,,,,,,,,,,,,1,,,,,,,,,,,
2010,Issei Fujishiro,Tohoku University,JP,Steering Committee,,,,,,,,,,,,,,,,,1,,,,,,
2011,Issei Fujishiro,Keio University,JP,Program Committee,,,,,,,,,,,,1,,,,,,,,,,,
2011,Issei Fujishiro,Keio University,JP,Steering Committee,,,,,,,,,,,,,,,,,1,,,,,,
2012,Issei Fujishiro,Keio University,JP,Program Committee,,,,,,,,,,,,1,,,,,,,,,,,
2012,Issei Fujishiro,Keio University,JP,Steering Committee,,,,,,,,,,,,,,,,,1,,,,,,
2013,Issei Fujishiro,Keio University,JP,Steering Committee,,,,,,,,,,,,,,,,,1,,,,,,
2014,Issei Fujishiro,Keio University,JP,Steering Committee,,,,,,,,,,,,,,,,,1,,,,,,
2014,Issei Fujishiro,Keio University,JP,Symposium Chair,,,,,,,,,,,,,,,,,,,1,,,,
2015,Issei Fujishiro,Keio University,JP,Steering Committee,,,,,,,,,,,,,,,,,1,,,,,,
2016,Issei Fujishiro,Keio University,JP,Program Committee,,,,,,,,,,,,1,,,,,,,,,,,
2016,Issei Fujishiro,Keio University,JP,Steering Committee,,,,,,,,,,,,,,,,,1,,,,,,
2017,Issei Fujishiro,Keio University,JP,Program Committee,,,,,,,,,,,,1,,,,,,,,,,,
2017,Issei Fujishiro,Keio University,JP,Steering Committee,,,,,,,,,,,,,,,,,1,,,,,,
2011,Ivan Viola,University of Bergen,NO,Program Committee,,,,,,,,,,,,1,,,,,,,,,,,
2012,Ivan Viola,University of Bergen,NO,Program Committee,,,,,,,,,,,,1,,,,,,,,,,,
2013,Ivan Viola,University of Bergen,NO,Program Committee,,,,,,,,,,,,1,,,,,,,,,,,
2015,Ivan Viola,Vienna University of Technology,AT,Program Committee,,,,,,,,,,,,1,,,,,,,,,,,
2016,Ivan Viola,TU Wien,DE,Paper Chair,,,,,,,,,1,,,,,,,,,,,,,,
2017,Ivan Viola,Vienna University of Technology,AT,Program Committee,,,,,,,,,,,,1,,,,,,,,,,,
2017,Ivan Viola,Vienna University of Technology,AT,Visual Storytelling Contest Chair,,,,,,,,,,,,,,,,,,,,1,,,
2016,Jaegul Choo,Korea University,KR,Visualization Notes Committee,,,,,,,,,,,,,,,,,,,,,,1,
2017,Jaegul Choo,Korea University,KR,PacificVAST Workshop Chair,,,,,,,,1,,,,,,,,,,,,,,,
2017,Jaegul Choo,Korea University,KR,Program Committee,,,,,,,,,,,,1,,,,,,,,,,,
2008,Jarke van Wijk,Eindhoven University of Technology,NL,Program Committee,,,,,,,,,,,,1,,,,,,,,,,,
2009,Jarke van Wijk,Eindhoven University of Technology,NL,Program Committee,,,,,,,,,,,,1,,,,,,,,,,,
2010,Jarke van Wijk,Eindhoven University of Technology,NL,Program Chair,,,,,,,,,,,1,,,,,,,,,,,,
2008,Jason Dykes,City University London,GB,Program Committee,,,,,,,,,,,,1,,,,,,,,,,,
2009,Jason Dykes,City University London,GB,Program Committee,,,,,,,,,,,,1,,,,,,,,,,,
2010,Jason Dykes,City University London,GB,Program Committee,,,,,,,,,,,,1,,,,,,,,,,,
2017,Jason Dykes,City University London,GB,Program Committee,,,,,,,,,,,,1,,,,,,,,,,,
2008,Jean-Daniel Fekete,INRIA,FR,Program Committee,,,,,,,,,,,,1,,,,,,,,,,,
2009,Jean-Daniel Fekete,INRIA,FR,Program Committee,,,,,,,,,,,,1,,,,,,,,,,,
2010,Jean-Daniel Fekete,INRIA,FR,Program Committee,,,,,,,,,,,,1,,,,,,,,,,,
2011,Jean-Daniel Fekete,INRIA,FR,Program Chair,,,,,,,,,,,1,,,,,,,,,,,,
2012,Jean-Daniel Fekete,INRIA,FR,Program Committee,,,,,,,,,,,,1,,,,,,,,,,,
2010,Jeffrey Heer,Stanford University,US,Program Committee,,,,,,,,,,,,1,,,,,,,,,,,
2012,Jeongjin Lee,The Catholic University of Korea,KR,Local Organization Committee,,,,,,1,,,,,,,,,,,,,,,,,
2017,Jeongjin Lee,Soongsil University,KR,Local Arrangement Chair,,,,1,,,,,,,,,,,,,,,,,,,
2013,Jessie Kennedy,Napier University,GB,Program Committee,,,,,,,,,,,,1,,,,,,,,,,,
2014,Jessie Kennedy,Napier University,GB,Program Committee,,,,,,,,,,,,1,,,,,,,,,,,
2015,Jessie Kennedy,Napier University,GB,Program Committee,,,,,,,,,,,,1,,,,,,,,,,,
2017,Jia-Kai Chou,University of California,US,Program Committee,,,,,,,,,,,,1,,,,,,,,,,,
2016,Jian Chen,"University of Maryland, Baltimore County",US,Program Committee,,,,,,,,,,,,1,,,,,,,,,,,
2017,Jian Chen,University of Maryland Baltimore County,US,Program Committee,,,,,,,,,,,,1,,,,,,,,,,,
2009,Jian Huang,University of Tennessee,US,Program Committee,,,,,,,,,,,,1,,,,,,,,,,,
2010,Jian Huang,University of Tennessee,US,Program Committee,,,,,,,,,,,,1,,,,,,,,,,,
2011,Jian Huang,University of Tennessee,US,Program Committee,,,,,,,,,,,,1,,,,,,,,,,,
2016,Jian Zhao,University of Toronto,CN,Program Committee,,,,,,,,,,,,1,,,,,,,,,,,
2017,Jian Zhao,Fuji-Xerox Palo Alto Laboratory,US,Program Committee,,,,,,,,,,,,1,,,,,,,,,,,
2014,Jiawan Zhang,Tianjin University,CN,Visualization Notes Committee,,,,,,,,,,,,,,,,,,,,,,1,
2015,Jiawan Zhang,Tianjin University,CN,PacificVAST Workshop Chair,,,,,,,,1,,,,,,,,,,,,,,,
2015,Jiawan Zhang,Tianjin University,CN,Program Committee,,,,,,,,,,,,1,,,,,,,,,,,
2015,Jiawan Zhang,Tianjin University,CN,Visualization Notes Committee,,,,,,,,,,,,,,,,,,,,,,1,
2016,Jiawan Zhang,Tianjin University,CN,PacificVAST Workshop Chair,,,,,,,,1,,,,,,,,,,,,,,,
2016,Jiawan Zhang,Tianjin University,CN,Program Committee,,,,,,,,,,,,1,,,,,,,,,,,
2017,Jiawan Zhang,Tianjin University,CN,Program Committee,,,,,,,,,,,,1,,,,,,,,,,,
2016,Jie Liang,Peking University,CN,Program Committee,,,,,,,,,,,,1,,,,,,,,,,,
2017,Jie Liang,University of Technology Sydney,AU,Program Committee,,,,,,,,,,,,1,,,,,,,,,,,
2011,Jing Yang,"University of North Carolina, Charlotte",US,Program Committee,,,,,,,,,,,,1,,,,,,,,,,,
2013,Jing Yang,"University of North Carolina, Charlotte",US,Program Committee,,,,,,,,,,,,1,,,,,,,,,,,
2014,Jing Yang,"University of North Carolina, Charlotte",US,Visualization Notes Committee,,,,,,,,,,,,,,,,,,,,,,1,
2015,Jing Yang,"University of North Carolina, Charlotte",US,Visualization Notes Committee,,,,,,,,,,,,,,,,,,,,,,1,
2013,Jinman Kim,The University of Sydney,AU,Publicity Chair,,,,,,,,,,,,,,1,,,,,,,,,
2011,Jinwook Seo,Seoul National University,KR,Program Committee,,,,,,,,,,,,1,,,,,,,,,,,
2012,Jinwook Seo,Seoul National University,KR,Organization Chair,,,,,,,1,,,,,,,,,,,,,,,,
2012,Jinwook Seo,Seoul National University,KR,Program Committee,,,,,,,,,,,,1,,,,,,,,,,,
2013,Jinwook Seo,Seoul National University,KR,Program Committee,,,,,,,,,,,,1,,,,,,,,,,,
2015,Jinwook Seo,Seoul National University,KR,Program Committee,,,,,,,,,,,,1,,,,,,,,,,,
2016,Jinwook Seo,Seoul National University,KR,Program Committee,,,,,,,,,,,,1,,,,,,,,,,,
2016,Jinwook Seo,Seoul National University,KR,Visualization Notes Chair,,,,,,,,,,,,,,,,,,,,,1,,
2017,Jinwook Seo,Seoul National University,KR,Program Committee,,,,,,,,,,,,1,,,,,,,,,,,
2017,Jinwook Seo,Seoul National University,KR,Symposium Chair,,,,,,,,,,,,,,,,,,,1,,,,
2008,Jiro Tanaka,University of Tsukuba,JP,Program Committee,,,,,,,,,,,,1,,,,,,,,,,,
2016,Johannes Kehrer,Technical University of Munich,DE,Program Committee,,,,,,,,,,,,1,,,,,,,,,,,
2017,Johannes Kehrer,Technical University of Munich,DE,Program Committee,,,,,,,,,,,,1,,,,,,,,,,,
2010,John Stasko,Georgia Institute of Technology,US,Program Committee,,,,,,,,,,,,1,,,,,,,,,,,
2011,John Stasko,Georgia Institute of Technology,US,Program Committee,,,,,,,,,,,,1,,,,,,,,,,,
2012,John Stasko,Georgia Institute of Technology,US,Program Committee,,,,,,,,,,,,1,,,,,,,,,,,
2008,Jung-Hong Chuang,National Chiao Tung University,TW,Program Committee,,,,,,,,,,,,1,,,,,,,,,,,
2009,Jung-Hong Chuang,National Chiao Tung University,TW,Program Committee,,,,,,,,,,,,1,,,,,,,,,,,
2010,Jung-Hong Chuang,National Chiao Tung University,TW,Program Committee,,,,,,,,,,,,1,,,,,,,,,,,
2017,Junghoon Chae,Purdue University,US,Visualization Notes Committee,,,,,,,,,,,,,,,,,,,,,,1,
2013,Karsten Klein,The University of Sydney,AU,Organization Chair,,,,,,,1,,,,,,,,,,,,,,,,
2014,Karsten Klein,The University of Sydney,AU,Program Committee,,,,,,,,,,,,1,,,,,,,,,,,
2015,Karsten Klein,University of Sydney,AU,Program Committee,,,,,,,,,,,,1,,,,,,,,,,,
2015,Karsten Klein,University of Sydney,AU,Visualization Notes Committee,,,,,,,,,,,,,,,,,,,,,,1,
2016,Karsten Klein,Monash University,AU,Program Committee,,,,,,,,,,,,1,,,,,,,,,,,
2008,Kazufumi Kaneda,Hiroshima University,JP,Program Committee,,,,,,,,,,,,1,,,,,,,,,,,
2009,Kazufumi Kaneda,Hiroshima University,JP,Program Committee,,,,,,,,,,,,1,,,,,,,,,,,
2008,Kazuo Misue,University of Tsukuba,JP,Finance Chair,,,1,,,,,,,,,,,,,,,,,,,,
2014,Kazuo Misue,University of Tsukuba,JP,Program Committee,,,,,,,,,,,,1,,,,,,,,,,,
2008,Kim Marriott,Monarsh University,AU,Program Committee,,,,,,,,,,,,1,,,,,,,,,,,
2008,Klaus Mueller,Stony Brook University,US,Program Committee,,,,,,,,,,,,1,,,,,,,,,,,
2009,Klaus Mueller,Stony Brook University,US,Program Committee,,,,,,,,,,,,1,,,,,,,,,,,
2016,Klaus Mueller,Stony Brook University,US,PacificVAST Workshop Chair,,,,,,,,1,,,,,,,,,,,,,,,
2016,Klaus Mueller,Stony Brook University,US,Program Committee,,,,,,,,,,,,1,,,,,,,,,,,
2017,Klaus Mueller,Stony Brook University,US,Program Committee,,,,,,,,,,,,1,,,,,,,,,,,
2015,Klaus Muller,Stony Brook University,US,Program Committee,,,,,,,,,,,,1,,,,,,,,,,,
2008,Koji Koyamada,Kyoto University,JP,Symposium Chair,,,,,,,,,,,,,,,,,,,1,,,,
2009,Koji Koyamada,Kyoto University,JP,Poster Chair,,,,,,,,,,1,,,,,,,,,,,,,
2009,Koji Koyamada,Kyoto University,JP,Program Committee,,,,,,,,,,,,1,,,,,,,,,,,
2010,Koji Koyamada,Kyoto University,JP,Program Committee,,,,,,,,,,,,1,,,,,,,,,,,
2011,Koji Koyamada,Kyoto University,JP,Program Committee,,,,,,,,,,,,1,,,,,,,,,,,
2013,Koji Koyamada,Kyoto University,JP,Program Committee,,,,,,,,,,,,1,,,,,,,,,,,
2014,Koji Koyamada,Kyoto University,JP,PacificVAST Workshop Chair,,,,,,,,1,,,,,,,,,,,,,,,
2014,Koji Koyamada,Kyoto University,JP,Program Committee,,,,,,,,,,,,1,,,,,,,,,,,
2014,Koji Koyamada,Kyoto University,JP,Visualization Notes Committee,,,,,,,,,,,,,,,,,,,,,,1,
2015,Koji Koyamada,Kyoto University,JP,Program Committee,,,,,,,,,,,,1,,,,,,,,,,,
2015,Koji Koyamada,Kyoto University,JP,Steering Committee,,,,,,,,,,,,,,,,,1,,,,,,
2015,Koji Koyamada,Kyoto University,JP,Visualization Notes Committee,,,,,,,,,,,,,,,,,,,,,,1,
2016,Koji Koyamada,Kyoto University,JP,Steering Committee,,,,,,,,,,,,,,,,,1,,,,,,
2016,Koji Koyamada,Kyoto University,JP,Visualization Notes Committee,,,,,,,,,,,,,,,,,,,,,,1,
2017,Koji Koyamada,Kyoto University,JP,Steering Committee,,,,,,,,,,,,,,,,,1,,,,,,
2017,Koji Koyamada,Kyoto University,JP,Visualization Notes Committee,,,,,,,,,,,,,,,,,,,,,,1,
2008,Kozo Sugiyama,JAIST,JP,Program Committee,,,,,,,,,,,,1,,,,,,,,,,,
2012,Kresimir Matkovic,VRVis Research Center,AT,Program Committee,,,,,,,,,,,,1,,,,,,,,,,,
2017,Krist Wongsuphasawat,Twitter,US,Visualization Notes Committee,,,,,,,,,,,,,,,,,,,,,,1,
2008,Kwan-Liu Ma,"University of California, Davis",JP,Program Chair,,,,,,,,,,,1,,,,,,,,,,,,
2008,Kwan-Liu Ma,"University of California, Davis",US,Steering Committee,,,,,,,,,,,,,,,,,1,,,,,,
2009,Kwan-Liu Ma,"University of California, Davis",US,Program Committee,,,,,,,,,,,,1,,,,,,,,,,,
2009,Kwan-Liu Ma,"University of California, Davis",US,Steering Committee,,,,,,,,,,,,,,,,,1,,,,,,
2010,Kwan-Liu Ma,"University of California, Davis",US,Steering Committee,,,,,,,,,,,,,,,,,1,,,,,,
2010,Kwan-Liu Ma,"University of California, Davis",US,Symposium Chair,,,,,,,,,,,,,,,,,,,1,,,,
2011,Kwan-Liu Ma,"University of California, Davis",US,Steering Committee,,,,,,,,,,,,,,,,,1,,,,,,
2012,Kwan-Liu Ma,"University of California, Davis",US,Steering Committee,,,,,,,,,,,,,,,,,1,,,,,,
2013,Kwan-Liu Ma,"University of California, Davis",US,Steering Committee,,,,,,,,,,,,,,,,,1,,,,,,
2014,Kwan-Liu Ma,"University of California, Davis",US,Steering Committee,,,,,,,,,,,,,,,,,1,,,,,,
2015,Kwan-Liu Ma,"University of California, Davis",US,Steering Committee,,,,,,,,,,,,,,,,,1,,,,,,
2016,Kwan-Liu Ma,"University of California, Davis",US,Steering Committee,,,,,,,,,,,,,,,,,1,,,,,,
2017,Kwan-Liu Ma,"University of California, Davis",US,Steering Committee,,,,,,,,,,,,,,,,,1,,,,,,
2017,Kyle Koh,Seoul National University,KR,Publicity Chair,,,,,,,,,,,,,,1,,,,,,,,,
2008,Kyoko Hasegawa,CREST-JST,JP,Local Arrangement Chair,,,,1,,,,,,,,,,,,,,,,,,,
2012,Kyuho Kim,CEWIT-Korea,KR,Finance Chair,,,1,,,,,,,,,,,,,,,,,,,,
2017,Kyungwon Lee,Ajou University,KR,Visual Storytelling Contest Chair,,,,,,,,,,,,,,,,,,,,1,,,
2011,Lars Linsen,Jacobs University Bremen,DE,Program Committee,,,,,,,,,,,,1,,,,,,,,,,,
2012,Lars Linsen,Jacobs University Bremen,DE,Program Committee,,,,,,,,,,,,1,,,,,,,,,,,
2015,Lars Linsen,Jacobs University Bremen,DE,Program Committee,,,,,,,,,,,,1,,,,,,,,,,,
2016,Lars Linsen,Jacobs University Bremen,DE,Program Committee,,,,,,,,,,,,1,,,,,,,,,,,
2017,Lars Linsen,Jacobs University Bremen,DE,Program Committee,,,,,,,,,,,,1,,,,,,,,,,,
2016,Lei Shi,"Institute of Software, Chinese Academy of Sciences",CN,Program Committee,,,,,,,,,,,,1,,,,,,,,,,,
2017,Lei Shi,"Institute of Software, Chinese Academy of Sciences",CN,Program Committee,,,,,,,,,,,,1,,,,,,,,,,,
2014,Li Xiao,IAPCM,CN,Visualization Notes Committee,,,,,,,,,,,,,,,,,,,,,,1,
2015,Liang Jie,University of Technology Sydney,AU,Visualization Notes Committee,,,,,,,,,,,,,,,,,,,,,,1,
2017,Lingyun  Yu,University of Groningen,NL,Program Committee,,,,,,,,,,,,1,,,,,,,,,,,
2015,Luana Micallef,Helsinki Institute for Information Technology,FI,Visualization Notes Committee,,,,,,,,,,,,,,,,,,,,,,1,
2016,Luana Micallef,Helsinki Institute for Information Technology,FI,Visualization Notes Committee,,,,,,,,,,,,,,,,,,,,,,1,
2017,Luana Micallef,Helsinki Institute for Information Technology,FI,Visualization Notes Committee,,,,,,,,,,,,,,,,,,,,,,1,
2013,Mao Lin Huang,University of Technology Sydney,AU,Program Committee,,,,,,,,,,,,1,,,,,,,,,,,
2016,Mao Lin Huang,University of Technology Sydney,AU,Visualization Notes Committee,,,,,,,,,,,,,,,,,,,,,,1,
2014,Maolin Huang,University of Technology Sydney,AU,Visualization Notes Committee,,,,,,,,,,,,,,,,,,,,,,1,
2015,Maolin Huang,University of Technology Sydney,AU,Visualization Notes Committee,,,,,,,,,,,,,,,,,,,,,,1,
2011,Markus Hadwiger,King Abdullah University of Science and Technology,SA,Program Committee,,,,,,,,,,,,1,,,,,,,,,,,
2012,Markus Hadwiger,King Abdullah University of Science and Technology,SA,Program Committee,,,,,,,,,,,,1,,,,,,,,,,,
2013,Markus Hadwiger,King Abdullah University of Science and Technology,SA,Program Committee,,,,,,,,,,,,1,,,,,,,,,,,
2012,Martin Nollenburg,Karlsruhe Institute of Technology,DE,Program Committee,,,,,,,,,,,,1,,,,,,,,,,,
2013,Martin Nollenburg,Karlsruhe Institute of Technology,DE,Program Committee,,,,,,,,,,,,1,,,,,,,,,,,
2014,Martin Nollenburg,Karlsruhe Institute of Technology,DE,Program Committee,,,,,,,,,,,,1,,,,,,,,,,,
2014,Martin Nollenburg,Karlsruhe Institute of Technology,DE,Visualization Notes Committee,,,,,,,,,,,,,,,,,,,,,,1,
2015,Martin Nollenburg,Karlsruhe Institute of Technology,DE,Visualization Notes Committee,,,,,,,,,,,,,,,,,,,,,,1,
2016,Martin Nollenburg,Karlsruhe Institute of Technology,DE,Visualization Notes Committee,,,,,,,,,,,,,,,,,,,,,,1,
2017,Martin Nollenburg,TU Wien,AU,Visualization Notes Committee,,,,,,,,,,,,,,,,,,,,,,1,
2017,Masahiko Ito,University of Tokyo,JP,Visualization Notes Committee,,,,,,,,,,,,,,,,,,,,,,1,
2017,Matthew Brehmer,Microsoft Research,US,Visual Storytelling Contest Chair,,,,,,,,,,,,,,,,,,,,1,,,
2017,Matthew Brehmer,Microsoft Research,US,Visualization Notes Committee,,,,,,,,,,,,,,,,,,,,,,1,
2010,Maurizio Patrignani,Roma Tre University,IT,Program Committee,,,,,,,,,,,,1,,,,,,,,,,,
2011,Maurizio Patrignani,Roma Tre University,IT,Program Committee,,,,,,,,,,,,1,,,,,,,,,,,
2012,Maurizio Patrignani,Roma Tre University,IT,Program Committee,,,,,,,,,,,,1,,,,,,,,,,,
2016,Maurizio Patrignani,Roma Tre University,IT,Program Committee,,,,,,,,,,,,1,,,,,,,,,,,
2017,Maurizio Patrignani,Roma Tre University,IT,Program Committee,,,,,,,,,,,,1,,,,,,,,,,,
2012,Md. Saidur Rahman,BUET,BD,Program Committee,,,,,,,,,,,,1,,,,,,,,,,,
2008,Melanie Tory,University of Victoria,CA,Program Committee,,,,,,,,,,,,1,,,,,,,,,,,
2015,Michael Burch,University of Stuttgart,DE,Visualization Notes Committee,,,,,,,,,,,,,,,,,,,,,,1,
2016,Michael Burch,University of Stuttgart,DE,Visualization Notes Committee,,,,,,,,,,,,,,,,,,,,,,1,
2010,Michael Kaufmann,Univerity of Tubingen,DE,Program Committee,,,,,,,,,,,,1,,,,,,,,,,,
2011,Michael Kaufmann,Univerity of Tubingen,DE,Program Committee,,,,,,,,,,,,1,,,,,,,,,,,
2012,Michael Kaufmann,Univerity of Tubingen,DE,Program Committee,,,,,,,,,,,,1,,,,,,,,,,,
2013,Michael Kaufmann,Ecole de Technologie Superieure,CA,Program Committee,,,,,,,,,,,,1,,,,,,,,,,,
2017,Michael Krone,University of Stuttgart,DE,Visualization Notes Committee,,,,,,,,,,,,,,,,,,,,,,1,
2014,Michael McGuffin,Ecole de Technologie Superieure,CA,Program Committee,,,,,,,,,,,,1,,,,,,,,,,,
2017,Michael Sedlmair,University of Vienna,AT,Program Committee,,,,,,,,,,,,1,,,,,,,,,,,
2008,Min Chen,University of Wales Swansea,GB,Program Committee,,,,,,,,,,,,1,,,,,,,,,,,
2009,Min Chen,University of Wales Swansea,GB,Program Committee,,,,,,,,,,,,1,,,,,,,,,,,
2010,Min Chen,University of Wales Swansea,GB,Program Committee,,,,,,,,,,,,1,,,,,,,,,,,
2012,Min Chen,Oxford University,GB,Program Committee,,,,,,,,,,,,1,,,,,,,,,,,
2013,Min Chen,University of Oxford,GB,Program Committee,,,,,,,,,,,,1,,,,,,,,,,,
2014,Min Chen,University of Oxford,GB,Program Committee,,,,,,,,,,,,1,,,,,,,,,,,
2017,Min Chen,University of Oxford,GB,Program Committee,,,,,,,,,,,,1,,,,,,,,,,,
2010,Ming Ouhyoung,National Taiwan University,TW,Symposium Chair,,,,,,,,,,,,,,,,,,,1,,,,
2016,Ming-Te Chi,National Chengchi University,TW,Organization Chair,,,,,,,1,,,,,,,,,,,,,,,,
2016,Nai-Wei Lo,National Taiwan University of Science and Technology,TW,Organization Chair,,,,,,,1,,,,,,,,,,,,,,,,
2015,Nan Cao ,IBM T.J. Watson Research Center,US,Visualization Notes Committee,,,,,,,,,,,,,,,,,,,,,,1,
2008,Naohisa Sakamoto,KGT Inc.,JP,Registration Chair,,,,,,,,,,,,,,,1,,,,,,,,
2014,Naohisa Sakamoto,Kyoto University,JP,Visualization Notes Committee,,,,,,,,,,,,,,,,,,,,,,1,
2015,Naohisa Sakamoto,Kyoto University,JP,Poster Chair,,,,,,,,,,1,,,,,,,,,,,,,
2015,Naohisa Sakamoto,Kyoto University,JP,Visualization Notes Committee,,,,,,,,,,,,,,,,,,,,,,1,
2016,Naohisa Sakamoto,Kyoto University,JP,Visualization Notes Committee,,,,,,,,,,,,,,,,,,,,,,1,
2017,Naohisa Sakamoto,Kobe University,KR,Visualization Notes Chair,,,,,,,,,,,,,,,,,,,,,1,,
2013,Nathalie Henry Riche,Microsoft Research,US,Program Committee,,,,,,,,,,,,1,,,,,,,,,,,
2014,Nathalie Henry Riche,Microsoft Research,US,Program Committee,,,,,,,,,,,,1,,,,,,,,,,,
2015,Nathalie Henry Riche,Microsoft Research,US,Program Committee,,,,,,,,,,,,1,,,,,,,,,,,
2009,Niklas Elmqvist,Purdue University,US,Program Committee,,,,,,,,,,,,1,,,,,,,,,,,
2010,Niklas Elmqvist,Purdue University,US,Program Committee,,,,,,,,,,,,1,,,,,,,,,,,
2011,Niklas Elmqvist,Purdue University,US,Program Committee,,,,,,,,,,,,1,,,,,,,,,,,
2013,Niklas Elmqvist,Purdue University,US,Program Committee,,,,,,,,,,,,1,,,,,,,,,,,
2014,Niklas Elmqvist,Purdue University,US,Program Committee,,,,,,,,,,,,1,,,,,,,,,,,
2015,Niklas Elmqvist,Purdue University,US,Program Committee,,,,,,,,,,,,1,,,,,,,,,,,
2009,Niu Jianwei,Beihang University,CN,Finance Chair,,,1,,,,,,,,,,,,,,,,,,,,
2008,Nobuyuki Kukimoto,KGT Inc.,JP,Publicity Chair,,,,,,,,,,,,,,1,,,,,,,,,
2010,Oliver Deussen,University of Konstanz,DE,Program Committee,,,,,,,,,,,,1,,,,,,,,,,,
2017,Oliver Deussen,University of Konstanz,DE,Program Committee,,,,,,,,,,,,1,,,,,,,,,,,
2016,Panpan Xu,Bosch Research,US,Visualization Notes Committee,,,,,,,,,,,,,,,,,,,,,,1,
2017,Panpan Xu,Bosch Research,US,Program Committee,,,,,,,,,,,,1,,,,,,,,,,,
2017,Panpan Xu,Bosch Research,US,Visualization Notes Committee,,,,,,,,,,,,,,,,,,,,,,1,
2011,Pedro V. Sander,Hong Kong University of Science & Technology,HK,Organization Chair,,,,,,,1,,,,,,,,,,,,,,,,
2009,Peihong Guo,Peking University,CN,Student Volunteer Chair,,,,,,,,,,,,,,,,,,1,,,,,
2009,Peter Eades,University of Sydney,AU,Program Chair,,,,,,,,,,,1,,,,,,,,,,,,
2010,Peter Eades,University of Sydney,AU,Program Committee,,,,,,,,,,,,1,,,,,,,,,,,
2013,Peter Eades,The University of Sydney,AU,Symposium Chair,,,,,,,,,,,,,,,,,,,1,,,,
2014,Peter Eades,The University of Sydney,AU,Program Committee,,,,,,,,,,,,1,,,,,,,,,,,
2017,Petra Isenberg,INRIA,FR,Program Committee,,,,,,,,,,,,1,,,,,,,,,,,
2013,Petra Mutzel,TU Dortmund,DE,Program Committee,,,,,,,,,,,,1,,,,,,,,,,,
2008,Pheng-Ann Heng,University of Hong Kong,HK,Program Committee,,,,,,,,,,,,1,,,,,,,,,,,
2009,Pheng-Ann Heng,Chinese University of Hong Kong,HK,Program Committee,,,,,,,,,,,,1,,,,,,,,,,,
2009,Qinping Zhao,Beihang University,CN,Symposium Chair,,,,,,,,,,,,,,,,,,,1,,,,
2017,Quang Vinh Nguyen,University of Western Sydney,AU,Visualization Notes Committee,,,,,,,,,,,,,,,,,,,,,,1,
2013,Quang Vinh Nguyen,University of Western Sydney,AU,Poster Chair,,,,,,,,,,1,,,,,,,,,,,,,
2015,Quang Vinh Nguyen,University of Western Sydney,AU,Visualization Notes Committee,,,,,,,,,,,,,,,,,,,,,,1,
2016,Quang Vinh Nguyen,University of Western Sydney,AU,Visualization Notes Committee,,,,,,,,,,,,,,,,,,,,,,1,
2012,Qunsheng Peng,Zhejiang University,CN,Program Committee,,,,,,,,,,,,1,,,,,,,,,,,
2015,Qunsheng Peng,Zhejiang University,CN,Organization Chair,,,,,,,1,,,,,,,,,,,,,,,,
2010,Raghu Machiraju,Ohio State University,US,Program Committee,,,,,,,,,,,,1,,,,,,,,,,,
2008,Renato Pajarola,University of Zurich,CH,Program Committee,,,,,,,,,,,,1,,,,,,,,,,,
2009,Renato Pajarola,University of Zurich,CH,Program Committee,,,,,,,,,,,,1,,,,,,,,,,,
2010,Renato Pajarola,University of Zurich,CH,Program Committee,,,,,,,,,,,,1,,,,,,,,,,,
2014,Rita Borgo,Swansea University,GB,Visualization Notes Committee,,,,,,,,,,,,,,,,,,,,,,1,
2015,Rita Borgo,Swansea University,GB,Visualization Notes Committee,,,,,,,,,,,,,,,,,,,,,,1,
2016,Rita Borgo,Swansea University,GB,Visualization Notes Committee,,,,,,,,,,,,,,,,,,,,,,1,
2017,Rita Borgo,Swansea University,GB,Visualization Notes Committee,,,,,,,,,,,,,,,,,,,,,,1,
2011,Roberto Tamassia,Brown University,US,Program Committee,,,,,,,,,,,,1,,,,,,,,,,,
2012,Roberto Tamassia,Brown University,US,Program Committee,,,,,,,,,,,,1,,,,,,,,,,,
2013,Roberto Tamassia,Brown University,US,Program Committee,,,,,,,,,,,,1,,,,,,,,,,,
2015,Ronald Peikert,ETH Zurich,CH,Program Committee,,,,,,,,,,,,1,,,,,,,,,,,
2014,Ronghua Liang,Zhejiang University of Technology,CN,Visualization Notes Committee,,,,,,,,,,,,,,,,,,,,,,1,
2015,Ronghua Liang,Zhejiang University of Technology,CN,Organization Chair,,,,,,,1,,,,,,,,,,,,,,,,
2015,Ronghua Liang,Zhejiang University of Technology,CN,Visualization Notes Committee,,,,,,,,,,,,,,,,,,,,,,1,
2016,Ronghua Liang,Zhejiang University of Technology,CN,Visualization Notes Committee,,,,,,,,,,,,,,,,,,,,,,1,
2017,Ross Maciejewski,Arizona State University,US,Visualization Notes Committee,,,,,,,,,,,,,,,,,,,,,,1,
2017,Roxana Bujack ,Los Alamos National Laboratory,US,Program Committee,,,,,,,,,,,,1,,,,,,,,,,,
2008,Rudiger Westermann,Technical University of Munich,DE,Program Committee,,,,,,,,,,,,1,,,,,,,,,,,
2009,Rudiger Westermann,Technical University of Munich,DE,Program Committee,,,,,,,,,,,,1,,,,,,,,,,,
2010,Rudiger Westermann,Technical University of Munich,DE,Program Committee,,,,,,,,,,,,1,,,,,,,,,,,
2008,Satoshi Tanaka,Ritsumeikan University,JP,Local Arrangement Chair,,,,1,,,,,,,,,,,,,,,,,,,
2014,Satoshi Tanaka,Ritsumeikan University,JP,Poster Chair,,,,,,,,,,1,,,,,,,,,,,,,
2014,Satoshi Tanaka,Ritsumeikan University,JP,Visualization Notes Committee,,,,,,,,,,,,,,,,,,,,,,1,
2017,Sehi L'Yi,Seoul National University,KR,Student Volunteer Chair,,,,,,,,,,,,,,,,,,1,,,,,
2008,Seokhee Hong,University of Sydney,AU,Program Committee,,,,,,,,,,,,1,,,,,,,,,,,
2008,Seokhee Hong,University of Sydney,AU,Steering Committee,,,,,,,,,,,,,,,,,1,,,,,,
2009,Seokhee Hong,University of Sydney,AU,Program Committee,,,,,,,,,,,,1,,,,,,,,,,,
2009,Seokhee Hong,University of Sydney,AU,Steering Committee,,,,,,,,,,,,,,,,,1,,,,,,
2010,Seokhee Hong,University of Sydney,AU,Program Committee,,,,,,,,,,,,1,,,,,,,,,,,
2010,Seokhee Hong,University of Sydney,AU,Steering Committee,,,,,,,,,,,,,,,,,1,,,,,,
2011,Seokhee Hong,University of Sydney,AU,Program Committee,,,,,,,,,,,,1,,,,,,,,,,,
2011,SeokHee Hong,University of Sydney,AU,Steering Committee,,,,,,,,,,,,,,,,,1,,,,,,
2012,Seokhee Hong,University of Sydney,AU,Steering Committee,,,,,,,,,,,,,,,,,1,,,,,,
2013,Seokhee Hong,University of Sydney,AU,Program Chair,,,,,,,,,,,1,,,,,,,,,,,,
2013,Seokhee Hong,University of Sydney,AU,Steering Committee,,,,,,,,,,,,,,,,,1,,,,,,
2014,Seokhee Hong,University of Sydney,AU,Steering Committee,,,,,,,,,,,,,,,,,1,,,,,,
2015,Seokhee Hong,University of Sydney,AU,Steering Committee,,,,,,,,,,,,,,,,,1,,,,,,
2016,Seokhee Hong,University of Sydney,AU,Program Committee,,,,,,,,,,,,1,,,,,,,,,,,
2016,Seokhee Hong,University of Sydney,AU,Steering Committee,,,,,,,,,,,,,,,,,1,,,,,,
2017,Seokhee Hong,University of Sydney,AU,Program Committee,,,,,,,,,,,,1,,,,,,,,,,,
2017,Seokhee Hong,University of Sydney,AU,Steering Committee,,,,,,,,,,,,,,,,,1,,,,,,
2013,Sheelagh Carpendale,University of Calgary,CA,Program Chair,,,,,,,,,,,1,,,,,,,,,,,,
2008,Shi Xia Liu,IBM China Research Laboratory,CN,Program Committee,,,,,,,,,,,,1,,,,,,,,,,,
2009,Shi Xia Liu,IBM China Research Laboratory,CN,Program Committee,,,,,,,,,,,,1,,,,,,,,,,,
2010,Shi Xia Liu,IBM China Research Laboratory,CN,Program Committee,,,,,,,,,,,,1,,,,,,,,,,,
2011,Shi Xia Liu,Microsoft Research Asia,CN,Program Committee,,,,,,,,,,,,1,,,,,,,,,,,
2012,Shi Xia Liu,Microsoft Research Asia,CN,Program Committee,,,,,,,,,,,,1,,,,,,,,,,,
2008,Shigeo Takahashi,University of Tokyo,JP,Program Committee,,,,,,,,,,,,1,,,,,,,,,,,
2009,Shigeo Takahashi,University of Tokyo,JP,Program Committee,,,,,,,,,,,,1,,,,,,,,,,,
2010,Shigeo Takahashi,University of Tokyo,JP,Program Committee,,,,,,,,,,,,1,,,,,,,,,,,
2011,Shigeo Takahashi,University of Tokyo,JP,Program Committee,,,,,,,,,,,,1,,,,,,,,,,,
2012,Shigeo Takahashi,University of Tokyo,JP,Program Committee,,,,,,,,,,,,1,,,,,,,,,,,
2013,Shigeo Takahashi,University of Tokyo,JP,Poster Chair,,,,,,,,,,1,,,,,,,,,,,,,
2014,Shigeo Takahashi,University of Tokyo,JP,Program Chair,,,,,,,,,,,1,,,,,,,,,,,,
2015,Shigeo Takahashi,University of Tokyo,JP,Paper Chair,,,,,,,,,1,,,,,,,,,,,,,,
2016,Shigeo Takahashi,University of Aizu,JP,Program Committee,,,,,,,,,,,,1,,,,,,,,,,,
2014,Shin-ichiro Mori,University of Fukui,JP,Program Committee,,,,,,,,,,,,1,,,,,,,,,,,
2014,Shin-ichiro Mori,University of Fukui,JP,Visualization Notes Committee,,,,,,,,,,,,,,,,,,,,,,1,
2015,Shin-ichiro Mori,University of Fukui,JP,Visualization Notes Committee,,,,,,,,,,,,,,,,,,,,,,1,
2016,Shin-ichiro Mori,University of Fukui,JP,Visualization Notes Committee,,,,,,,,,,,,,,,,,,,,,,1,
2017,Shin-ichiro Mori,University of Fukui,JP,Visualization Notes Committee,,,,,,,,,,,,,,,,,,,,,,1,
2013,Shixia Liu,Microsoft Research Asia,CN,Poster Chair,,,,,,,,,,1,,,,,,,,,,,,,
2015,Shixia Liu,Tsinghua University,CN,Paper Chair,,,,,,,,,1,,,,,,,,,,,,,,
2017,Shixia Liu,Tsinghua University,CN,Program Committee,,,,,,,,,,,,1,,,,,,,,,,,
2017,Siming Chen,Peking University,CN,Publicity Chair,,,,,,,,,,,,,,1,,,,,,,,,
2012,Song Zhang,Mississippi State University,US,Program Committee,,,,,,,,,,,,1,,,,,,,,,,,
2012,Soonam Kang,CEWIT-Korea,KR,Local Organization Committee,,,,,,1,,,,,,,,,,,,,,,,,
2011,Stefan Bruckner,Vienna University of Technology,AT,Program Committee,,,,,,,,,,,,1,,,,,,,,,,,
2012,Stefan Bruckner,Vienna University of Technology,AT,Program Committee,,,,,,,,,,,,1,,,,,,,,,,,
2013,Stefan Bruckner,Vienna University of Technology,AT,Program Committee,,,,,,,,,,,,1,,,,,,,,,,,
2015,Stefan Bruckner,University of Bergen,NO,Program Committee,,,,,,,,,,,,1,,,,,,,,,,,
2016,Stefan Bruckner,University of Bergen,NO,Program Committee,,,,,,,,,,,,1,,,,,,,,,,,
2017,Stefan Bruckner,University of Bergen,NO,Program Committee,,,,,,,,,,,,1,,,,,,,,,,,
2013,Stephan Kobourov,University of Arizona,US,Program Committee,,,,,,,,,,,,1,,,,,,,,,,,
2015,Stephan Kobourov,University of Arizona,US,Program Committee,,,,,,,,,,,,1,,,,,,,,,,,
2012,Stephen Kobourov,University of Arizona,US,Program Chair,,,,,,,,,,,1,,,,,,,,,,,,
2014,Stephen Kobourov,University of Arizona,US,Program Committee,,,,,,,,,,,,1,,,,,,,,,,,
2014,Stephen Kobourov,University of Arizona,US,Visualization Notes Committee,,,,,,,,,,,,,,,,,,,,,,1,
2015,Stephen Kobourov,University of Arizona,US,Visualization Notes Committee,,,,,,,,,,,,,,,,,,,,,,1,
2016,Stephen Kobourov,University of Arizona,US,Visualization Notes Committee,,,,,,,,,,,,,,,,,,,,,,1,
2017,Stephen Kobourov,University of Arizona,US,Visualization Notes Committee,,,,,,,,,,,,,,,,,,,,,,1,
2010,Stephen North,AT&T Research,US,Program Chair,,,,,,,,,,,1,,,,,,,,,,,,
2013,Stephen North,AT&T Research,US,Program Committee,,,,,,,,,,,,1,,,,,,,,,,,
2014,Stephen North,Graphviz,US,Program Committee,,,,,,,,,,,,1,,,,,,,,,,,
2015,Stephen North,Graphviz,US,Program Committee,,,,,,,,,,,,1,,,,,,,,,,,
2017,Sungahn Ko,UNIST,KR,Visualization Notes Committee,,,,,,,,,,,,,,,,,,,,,,1,
2017,Sungahn Ko,UNIST,KR,Sponsorship Chair,,,,,,,,,,,,,,,,1,,,,,,,
2012,Sung-Eui Yoon,KAIST,KR,Program Committee,,,,,,,,,,,,1,,,,,,,,,,,
2015,Sung-Eui Yoon,KAIST,KR,Program Committee,,,,,,,,,,,,1,,,,,,,,,,,
2016,Sung-Eui Yoon,KAIST,KR,Program Committee,,,,,,,,,,,,1,,,,,,,,,,,
2016,Sung-Hee Kim,University of British Columbia,CA,Visualization Notes Committee,,,,,,,,,,,,,,,,,,,,,,1,
2008,Takafumi Saito,Tokyo University of Agriculture & Tech.,JP,Program Committee,,,,,,,,,,,,1,,,,,,,,,,,
2008,Takayuki Itoh,Ochanomizu University,JP,Program Committee,,,,,,,,,,,,1,,,,,,,,,,,
2008,Takayuki Itoh,Ochanomizu University,JP,Registration Chair,,,,,,,,,,,,,,,1,,,,,,,,
2009,Takayuki Itoh,Ochanomizu University,JP,Program Committee,,,,,,,,,,,,1,,,,,,,,,,,
2010,Takayuki Itoh,Ochanomizu University,JP,Poster Chair,,,,,,,,,,1,,,,,,,,,,,,,
2010,Takayuki Itoh,Ochanomizu University,JP,Program Committee,,,,,,,,,,,,1,,,,,,,,,,,
2011,Takayuki Itoh,Ochanomizu University,JP,Poster Chair,,,,,,,,,,1,,,,,,,,,,,,,
2011,Takayuki Itoh,Ochanomizu University,JP,Program Committee,,,,,,,,,,,,1,,,,,,,,,,,
2012,Takayuki Itoh,Ochanomizu University,JP,Program Committee,,,,,,,,,,,,1,,,,,,,,,,,
2014,Takayuki Itoh,Ochanomizu University,JP,Organization Chair,,,,,,,1,,,,,,,,,,,,,,,,
2014,Takayuki Itoh,Ochanomizu University,JP,Program Committee,,,,,,,,,,,,1,,,,,,,,,,,
2014,Takayuki Itoh,Ochanomizu University,JP,Visualization Notes Committee,,,,,,,,,,,,,,,,,,,,,,1,
2015,Takayuki Itoh,Ochanomizu University,JP,Program Committee,,,,,,,,,,,,1,,,,,,,,,,,
2015,Takayuki Itoh,Ochanomizu University,JP,Visualization Notes Committee,,,,,,,,,,,,,,,,,,,,,,1,
2016,Takayuki Itoh,Ochanomizu University,JP,Program Committee,,,,,,,,,,,,1,,,,,,,,,,,
2015,Teng-Yok Lee,Amazon.com,US,Visualization Notes Committee,,,,,,,,,,,,,,,,,,,,,,1,
2016,Teng-Yok Lee,Mitsubishi Electric Research Laboratories,JP,Visualization Notes Committee,,,,,,,,,,,,,,,,,,,,,,1,
2017,Teng-Yok Lee,Mitsubishi Electric Research Laboratories,US,Visualization Notes Committee,,,,,,,,,,,,,,,,,,,,,,1,
2009,Thomas Ertl,University of Stuttgart,DE,Program Chair,,,,,,,,,,,1,,,,,,,,,,,,
2010,Thomas Ertl,University of Stuttgart,DE,Program Committee,,,,,,,,,,,,1,,,,,,,,,,,
2011,Thomas Ertl,University of Stuttgart,DE,Symposium Chair,,,,,,,,,,,,,,,,,,,1,,,,
2013,Thomas Ertl,University of Stuttgart,DE,Program Committee,,,,,,,,,,,,1,,,,,,,,,,,
2014,Thomas Ertl,University of Stuttgart,DE,Program Committee,,,,,,,,,,,,1,,,,,,,,,,,
2014,Thomas Ertl,University of Stuttgart,DE,Visualization Notes Committee,,,,,,,,,,,,,,,,,,,,,,1,
2015,Thomas Ertl,University of Stuttgart,DE,Program Committee,,,,,,,,,,,,1,,,,,,,,,,,
2016,Thomas Schultz,University of Bonn,DE,Program Committee,,,,,,,,,,,,1,,,,,,,,,,,
2017,Thomas Schultz,University of Bonn,DE,Program Committee,,,,,,,,,,,,1,,,,,,,,,,,
2014,Thomas Wischgoll,Wright State University,US,Program Committee,,,,,,,,,,,,1,,,,,,,,,,,
2014,Thomas Wischgoll,Wright State University,US,Visualization Notes Committee,,,,,,,,,,,,,,,,,,,,,,1,
2015,Thomas Wischgoll,Wright State University,US,Program Committee,,,,,,,,,,,,1,,,,,,,,,,,
2015,Thomas Wischgoll,Wright State University,US,Visualization Notes Committee,,,,,,,,,,,,,,,,,,,,,,1,
2016,Thomas Wischgoll,Wright State University,US,Program Committee,,,,,,,,,,,,1,,,,,,,,,,,
2013,Tim Dwyer,Microsoft Research,US,Program Committee,,,,,,,,,,,,1,,,,,,,,,,,
2014,Tim Dwyer,Monash University,AU,Program Committee,,,,,,,,,,,,1,,,,,,,,,,,
2015,Tim Dwyer,Monash University,AU,Program Committee,,,,,,,,,,,,1,,,,,,,,,,,
2015,Tim Dwyer,Monash University,AU,Visualization Notes Chair,,,,,,,,,,,,,,,,,,,,,1,,
2017,Tim Dwyer,Monash University,CA,Paper Chair,,,,,,,,,1,,,,,,,,,,,,,,
2012,Timo Ropinski,Link?ping University,SE,Program Committee,,,,,,,,,,,,1,,,,,,,,,,,
2013,Timo Ropinski,Link?ping University,SE,Program Committee,,,,,,,,,,,,1,,,,,,,,,,,
2014,Timo Ropinski,Link?ping University,SE,Program Committee,,,,,,,,,,,,1,,,,,,,,,,,
2014,Timo Ropinski,Link?ping University,SE,Visualization Notes Committee,,,,,,,,,,,,,,,,,,,,,,1,
2012,Tino Weinkauf,MPI Saarbruecken,DE,Program Committee,,,,,,,,,,,,1,,,,,,,,,,,
2017,Tobias Schreck ,Graz University of Technology,AT,Program Committee,,,,,,,,,,,,1,,,,,,,,,,,
2008,Tong-Yee Lee,National Cheng-Kung University,TW,Program Committee,,,,,,,,,,,,1,,,,,,,,,,,
2009,Tong-Yee Lee,National Cheng-Kung University,TW,Program Committee,,,,,,,,,,,,1,,,,,,,,,,,
2010,Tong-Yee Lee,National Cheng-Kung University,TW,Program Committee,,,,,,,,,,,,1,,,,,,,,,,,
2011,Tong-Yee Lee,National Cheng-Kung University,TW,Program Committee,,,,,,,,,,,,1,,,,,,,,,,,
2017,Torsten M?ller,University of Vienna,AT,Program Committee,,,,,,,,,,,,1,,,,,,,,,,,
2008,Torsten M?ller,Simon Fraser University,CA,Program Committee,,,,,,,,,,,,1,,,,,,,,,,,
2009,Torsten M?ller,Simon Fraser University,CA,Program Committee,,,,,,,,,,,,1,,,,,,,,,,,
2010,Torsten M?ller,Simon Fraser University,CA,Program Committee,,,,,,,,,,,,1,,,,,,,,,,,
2016,Torsten M?ller,University of Vienna,AT,Program Committee,,,,,,,,,,,,1,,,,,,,,,,,
2008,Ulrik Brandes,University of Konstanz,DE,Program Committee,,,,,,,,,,,,1,,,,,,,,,,,
2009,Ulrik Brandes,University of Konstanz,DE,Program Committee,,,,,,,,,,,,1,,,,,,,,,,,
2010,Ulrik Brandes,University of Konstanz,DE,Program Committee,,,,,,,,,,,,1,,,,,,,,,,,
2011,Ulrik Brandes,University of Konstanz,DE,Program Committee,,,,,,,,,,,,1,,,,,,,,,,,
2013,Ulrik Brandes,University of Konstanz,DE,Program Committee,,,,,,,,,,,,1,,,,,,,,,,,
2014,Ulrik Brandes,University of Konstanz,DE,Program Chair,,,,,,,,,,,1,,,,,,,,,,,,
2013,Vijay Natarajan,Indian Institute of Science,IN,Program Committee,,,,,,,,,,,,1,,,,,,,,,,,
2014,Vijay Natarajan,Indian Institute of Science,IN,Program Committee,,,,,,,,,,,,1,,,,,,,,,,,
2015,Vijay Natarajan,Indian Institute of Science,IN,Program Committee,,,,,,,,,,,,1,,,,,,,,,,,
2011,Walter Didimo,University of Perugia,IT,Program Committee,,,,,,,,,,,,1,,,,,,,,,,,
2012,Walter Didimo,University of Perugia,IT,Program Committee,,,,,,,,,,,,1,,,,,,,,,,,
2013,Walter Didimo,University of Perugia,IT,Program Committee,,,,,,,,,,,,1,,,,,,,,,,,
2009,Wei Chen,Zhejiang University,CN,Program Committee,,,,,,,,,,,,1,,,,,,,,,,,
2010,Wei Chen,Zhejiang University,CN,Program Committee,,,,,,,,,,,,1,,,,,,,,,,,
2011,Wei Chen,Zhejiang University,CN,Program Committee,,,,,,,,,,,,1,,,,,,,,,,,
2012,Wei Chen,Zhejiang University,CN,Program Committee,,,,,,,,,,,,1,,,,,,,,,,,
2013,Wei Chen,Zhejiang University,CN,Program Chair,,,,,,,,,,,1,,,,,,,,,,,,
2014,Wei Chen,Zhejiang University,CN,Visualization Notes Committee,,,,,,,,,,,,,,,,,,,,,,1,
2015,Wei Chen,Zhejiang University,CN,Steering Committee,,,,,,,,,,,,,,,,,1,,,,,,
2015,Wei Chen,Zhejiang University,CN,Symposium Chair,,,,,,,,,,,,,,,,,,,1,,,,
2015,Wei Chen,Zhejiang University,CN,Visualization Notes Committee,,,,,,,,,,,,,,,,,,,,,,1,
2016,Wei Chen,Zhejiang University,CN,Program Committee,,,,,,,,,,,,1,,,,,,,,,,,
2016,Wei Chen,Zhejiang University,CN,Steering Committee,,,,,,,,,,,,,,,,,1,,,,,,
2017,Wei Chen,Zhejiang University,CN,PacificVAST Workshop Chair,,,,,,,,1,,,,,,,,,,,,,,,
2017,Wei Chen,Zhejiang University,CN,Program Committee,,,,,,,,,,,,1,,,,,,,,,,,
2017,Wei Chen,Zhejiang University,CN,Steering Committee,,,,,,,,,,,,,,,,,1,,,,,,
2014,Weiwei Cui,Microsoft Research Asia,CN,Program Committee,,,,,,,,,,,,1,,,,,,,,,,,
2014,Weiwei Cui,Microsoft Research Asia,CN,Visualization Notes Committee,,,,,,,,,,,,,,,,,,,,,,1,
2015,Weiwei Cui,Microsoft Research Asia,CN,Program Committee,,,,,,,,,,,,1,,,,,,,,,,,
2016,Weiwei Cui,Microsoft Research Asia,US,Program Committee,,,,,,,,,,,,1,,,,,,,,,,,
2016,Wen-Kai Tai,National Taiwan University of Science and Technology,TW,Sponsorship Chair,,,,,,,,,,,,,,,,1,,,,,,,
2011,Wenping Wang,University of Hong Kong,HK,Symposium Chair,,,,,,,,,,,,,,,,,,,1,,,,
2017,Won-Ki Jeong,UNIST,KR,Poster Chair,,,,,,,,,,1,,,,,,,,,,,,,
2011,Xavier Tricoche,Purdue University,US,Program Committee,,,,,,,,,,,,1,,,,,,,,,,,
2012,Xavier Tricoche,Purdue University,US,Program Committee,,,,,,,,,,,,1,,,,,,,,,,,
2013,Xavier Tricoche,Purdue University,US,Program Committee,,,,,,,,,,,,1,,,,,,,,,,,
2015,Xavier Tricoche,Purdue University,US,Program Committee,,,,,,,,,,,,1,,,,,,,,,,,
2016,Xavier Tricoche,Purdue University,US,Program Committee,,,,,,,,,,,,1,,,,,,,,,,,
2017,Xavier Tricoche,Purdue University,US,Program Committee,,,,,,,,,,,,1,,,,,,,,,,,
2009,Xianghua Ying,Peking University,CN,Finance Chair,,,1,,,,,,,,,,,,,,,,,,,,
2009,Xiaoru Yuan,Peking University,CN,Local Organization Chair,,,,,1,,,,,,,,,,,,,,,,,,
2009,Xiaoru Yuan,Peking University,CN,Poster Chair,,,,,,,,,,1,,,,,,,,,,,,,
2009,Xiaoru Yuan,Peking University,CN,Program Committee,,,,,,,,,,,,1,,,,,,,,,,,
2010,Xiaoru Yuan,Peking University,CN,Program Committee,,,,,,,,,,,,1,,,,,,,,,,,
2011,Xiaoru Yuan,Peking University,CN,Poster Chair,,,,,,,,,,1,,,,,,,,,,,,,
2011,Xiaoru Yuan,Peking University,CN,Program Committee,,,,,,,,,,,,1,,,,,,,,,,,
2012,Xiaoru Yuan,Peking University,CN,Poster Chair,,,,,,,,,,1,,,,,,,,,,,,,
2012,Xiaoru Yuan,Peking University,CN,Program Committee,,,,,,,,,,,,1,,,,,,,,,,,
2014,Xiaoru Yuan,Peking University,CN,Program Committee,,,,,,,,,,,,1,,,,,,,,,,,
2014,Xiaoru Yuan,Peking University,CN,Visualization Notes Chair,,,,,,,,,,,,,,,,,,,,,1,,
2014,Xiaoru Yuan,Peking University,CN,Visualization Notes Committee,,,,,,,,,,,,,,,,,,,,,,1,
2015,Xiaoru Yuan,Peking University,CN,PacificVAST Workshop Chair,,,,,,,,1,,,,,,,,,,,,,,,
2015,Xiaoru Yuan,Peking University,CN,Visualization Notes Committee,,,,,,,,,,,,,,,,,,,,,,1,
2016,Xiaoru Yuan,Peking University,CN,Paper Chair,,,,,,,,,1,,,,,,,,,,,,,,
2017,Xiaoru Yuan,Peking University,CN,Program Committee,,,,,,,,,,,,1,,,,,,,,,,,
2009,Xiaowu Chen,Beihang University,CN,Local Organization Chair,,,,,1,,,,,,,,,,,,,,,,,,
2009,Xiaowu Chen,Beihang University,CN,Poster Chair,,,,,,,,,,1,,,,,,,,,,,,,
2008,Xiaoyang Mao,University of Yamanashi,JP,Program Committee,,,,,,,,,,,,1,,,,,,,,,,,
2009,Xiaoyang Mao,University of Yamanashi,JP,Program Committee,,,,,,,,,,,,1,,,,,,,,,,,
2010,Xiaoyang Mao,University of Yamanashi,JP,Program Committee,,,,,,,,,,,,1,,,,,,,,,,,
2014,Xiaoyang Mao,University of Yamanashi,JP,Program Committee,,,,,,,,,,,,1,,,,,,,,,,,
2014,Xiaoyang Mao,University of Yamanashi,JP,Visualization Notes Committee,,,,,,,,,,,,,,,,,,,,,,1,
2015,Xiaoyang Mao,University of Yamanashi,JP,Visualization Notes Committee,,,,,,,,,,,,,,,,,,,,,,1,
2009,Xuebin Chi,Computer Network Information Center CAS,CN,Local Organization Chair,,,,,1,,,,,,,,,,,,,,,,,,
2008,Yasuhiro Watashiba,Kyoto University,JP,Publication Chair,,,,,,,,,,,,,1,,,,,,,,,,
2008,Yasuo Ebara,Kyoto University,JP,Publicity Chair,,,,,,,,,,,,,,1,,,,,,,,,
2011,Ye Zhao,Kent State University,US,Program Committee,,,,,,,,,,,,1,,,,,,,,,,,
2012,Ye Zhao,Kent State University,US,Program Committee,,,,,,,,,,,,1,,,,,,,,,,,
2013,Ye Zhao,Kent State University,US,Program Committee,,,,,,,,,,,,1,,,,,,,,,,,
2015,Ye Zhao,Kent State University,US,Program Committee,,,,,,,,,,,,1,,,,,,,,,,,
2016,Ye Zhao,Kent State University,US,Program Committee,,,,,,,,,,,,1,,,,,,,,,,,
2017,Ye Zhao,Kent State University,US,Program Committee,,,,,,,,,,,,1,,,,,,,,,,,
2012,Yeong Gil Shin,Seoul National University,KR,Symposium Chair,,,,,,,,,,,,,,,,,,,1,,,,
2014,Yi Chen,Beijing Technology and Business University,CN,Visualization Notes Committee,,,,,,,,,,,,,,,,,,,,,,1,
2015,Yi Chen,Beijing Technology and Business University,CN,Visualization Notes Committee,,,,,,,,,,,,,,,,,,,,,,1,
2016,Yi Chen,Beijing Technology and Business University,CN,Visualization Notes Committee,,,,,,,,,,,,,,,,,,,,,,1,
2014,Yifan Hu,AT&T Research,US,Program Committee,,,,,,,,,,,,1,,,,,,,,,,,
2014,Yifan Hu,AT&T Research,US,Visualization Notes Committee,,,,,,,,,,,,,,,,,,,,,,1,
2015,Yifan Hu,Yahoo Labs,US,Program Committee,,,,,,,,,,,,1,,,,,,,,,,,
2015,Yifan Hu,Yahoo Labs,US,Visualization Notes Committee,,,,,,,,,,,,,,,,,,,,,,1,
2010,Yi-Fan Hu,AT&T Research,US,Program Committee,,,,,,,,,,,,1,,,,,,,,,,,
2011,Yi-Fan Hu,AT&T Research,US,Program Committee,,,,,,,,,,,,1,,,,,,,,,,,
2012,Yi-Fan Hu,AT&T Research,US,Program Committee,,,,,,,,,,,,1,,,,,,,,,,,
2016,Yi-Fan Hu,Yahoo Labs,US,Program Committee,,,,,,,,,,,,1,,,,,,,,,,,
2011,Yi-King Choi,University of Hong Kong,HK,Organization Chair,,,,,,,1,,,,,,,,,,,,,,,,
2014,Ying Zhao,Central South University,CN,Visualization Notes Committee,,,,,,,,,,,,,,,,,,,,,,1,
2015,Ying Zhao,Central South University,CN,Visualization Notes Committee,,,,,,,,,,,,,,,,,,,,,,1,
2016,Ying Zhao,Central South University,CN,Visualization Notes Committee,,,,,,,,,,,,,,,,,,,,,,1,
2017,Ying Zhao,Central South University,CN,Visualization Notes Committee,,,,,,,,,,,,,,,,,,,,,,1,
2011,Yingcai Wu,"University of California, Davis",US,Program Committee,,,,,,,,,,,,1,,,,,,,,,,,
2012,Yingcai Wu,"University of California, Davis",US,Program Committee,,,,,,,,,,,,1,,,,,,,,,,,
2013,Yingcai Wu,Microsoft Research Asia,CN,Program Committee,,,,,,,,,,,,1,,,,,,,,,,,
2015,Yingcai Wu,Zhejiang University,CN,Program Committee,,,,,,,,,,,,1,,,,,,,,,,,
2015,Yingcai Wu,Zhejiang University,CN,Visualization Notes Chair,,,,,,,,,,,,,,,,,,,,,1,,
2016,Yingcai Wu,Zhejiang University,CN,Program Committee,,,,,,,,,,,,1,,,,,,,,,,,
2017,Yingcai Wu,Zhejiang University,CN,Paper Chair,,,,,,,,,1,,,,,,,,,,,,,,
2009,Yizhou Wang,Peking University,CN,Registration Chair,,,,,,,,,,,,,,,1,,,,,,,,
2017,Yosuke Onoue,Kyoto University,JP,Visualization Notes Committee,,,,,,,,,,,,,,,,,,,,,,1,
2017,Youn-Ah Kang,Yonsei University,KR,PacificVAST Workshop Chair,,,,,,,,1,,,,,,,,,,,,,,,
2014,Young J. Kim,Ewha Womans University,KR,Poster Chair,,,,,,,,,,1,,,,,,,,,,,,,
2017,Young-Ho Kim,Seoul National University,KR,Webmaster & Design Chair,,,,,,,,,,,,,,,,,,,,,,,1
2015,Yu Shuen Wang,National Chiao Tung University,TW,Program Committee,,,,,,,,,,,,1,,,,,,,,,,,
2016,Yuan-Bang Cheng,National Taiwan University of Science and Technology,TW,Accomodation Chair,1,,,,,,,,,,,,,,,,,,,,,,
2016,Yuan-Chen Lai,National Taiwan University of Science and Technology,TW,Organization Chair,,,,,,,1,,,,,,,,,,,,,,,,
2015,Yubo Tao,Zhejiang University,CN,Program Committee,,,,,,,,,,,,1,,,,,,,,,,,
2015,Yubo Tao,Zhejiang University,CN,Publicity Chair,,,,,,,,,,,,,,1,,,,,,,,,
2016,Yubo Tao,Zhejiang University,CN,Poster Chair,,,,,,,,,,1,,,,,,,,,,,,,
2016,Yu-Chi Lai,National Taiwan University of Science and Technology,TW,Organization Chair,,,,,,,1,,,,,,,,,,,,,,,,
2014,Yun Jang,Sejong University,KR,Program Committee,,,,,,,,,,,,1,,,,,,,,,,,
2014,Yun Jang,Sejong University,KR,Visualization Notes Committee,,,,,,,,,,,,,,,,,,,,,,1,
2015,Yun Jang,Sejong University,KR,Program Committee,,,,,,,,,,,,1,,,,,,,,,,,
2015,Yun Jang,Sejong University,KR,Visualization Notes Committee,,,,,,,,,,,,,,,,,,,,,,1,
2016,Yun Jang,Sejong University,KR,Program Committee,,,,,,,,,,,,1,,,,,,,,,,,
2017,Yun Jang,Sejong University,KR,Visualization Notes Chair,,,,,,,,,,,,,,,,,,,,,1,,
2010,Yung-Yu Chuang,National Taiwan University,TW,Organization Chair,,,,,,,1,,,,,,,,,,,,,,,,
2014,Yunhai Wang,Shenzhen Institutes of Advanced Technology,CN,Program Committee,,,,,,,,,,,,1,,,,,,,,,,,
2014,Yunhai Wang,Shenzhen Institutes of Advanced Technology,CN,Visualization Notes Committee,,,,,,,,,,,,,,,,,,,,,,1,
2015,Yunhai Wang,Shenzhen Institutes of Advanced Technology,CN,Program Committee,,,,,,,,,,,,1,,,,,,,,,,,
2015,Yunhai Wang,Shenzhen Institutes of Advanced Technology,CN,Visualization Notes Committee,,,,,,,,,,,,,,,,,,,,,,1,
2016,Yunhai Wang,Shenzhen Institutes of Advanced Technology,CN,Program Committee,,,,,,,,,,,,1,,,,,,,,,,,
2014,Yuriko Takeshima,Tohoku University,JP,Finance Chair,,,1,,,,,,,,,,,,,,,,,,,,
2009,Yuru Pei,Peking University,CN,Local Arrangement Chair,,,,1,,,,,,,,,,,,,,,,,,,
2014,Yu-Shuen Wang,National Chiao Tung University,TW,Program Committee,,,,,,,,,,,,1,,,,,,,,,,,
2015,Yu-Shuen Wang,National Chiao Tung University,TW,Poster Chair,,,,,,,,,,1,,,,,,,,,,,,,
2016,Yu-Shuen Wang,National Chiao Tung University,TW,Program Committee,,,,,,,,,,,,1,,,,,,,,,,,
2016,Yu-Shuen Wang,National Chiao Tung University,TW,Visualization Notes Chair,,,,,,,,,,,,,,,,,,,,,1,,
2017,Yu-Shuen Wang,National Chiao Tung University,TW,Visualization Notes Committee,,,,,,,,,,,,,,,,,,,,,,1,
2009,Zeng Gang ,Peking University,CN,Registration Chair,,,,,,,,,,,,,,,1,,,,,,,,
2009,Zeyao Mo,Institute of Applied Physics and Computational Mathematics,CN,Local Organization Chair,,,,,1,,,,,,,,,,,,,,,,,,
2015,Zhen Liu,Hangzhou Dianzi University,CN,Finance Chair,,,1,,,,,,,,,,,,,,,,,,,,
2009,Zhou Bin,Beihang University,CN,Student Volunteer Chair,,,,,,,,,,,,,,,,,,1,,,,,
2009,Zhuangzhi Wu,Beihang University,CN,Publicity Chair,,,,,,,,,,,,,,1,,,,,,,,,
